AccelForward (m/s²),AccelLateral (m/s²),AccelDown (m/s²),AngleRateForward (deg/s),AngleRateLateral (deg/s),AngleRateDown (deg/s)
0.074,-0.081,-9.799,0.71,0.094,0.214
0.12,-0.091,-9.805,0.601,-0.051,-0.198
0.081,0.192,-9.668,-0.598,0.064,-0.423
0.1,0.094,-9.758,0.088,-0.016,-0.032
0.048,-0.089,-9.948,0.768,-0.284,0.145
0.101,-0.041,-9.684,0.027,0.094,0.174
0.233,0.028,-9.645,-0.28,0.49,0.091
0.14,0.103,-9.893,-0.534,0.135,-0.04
0.099,0.028,-9.812,0.263,-0.08,-0.071
0.195,-0.178,-9.784,1.184,0.225,-0.192
0.188,-0.032,-9.716,-0.186,0.28,-0.192
0.23,0.163,-9.67,-1.018,0.044,-0.038
0.198,-0.059,-9.958,0.454,0.05,0.044
0.14,-0.076,-9.898,0.405,0.265,0.124
0.261,0.033,-9.677,-0.108,0.295,-0.003
0.22,-0.074,-9.75,0.765,0.216,0.039
0.153,0.043,-9.82,-0.25,0.035,0.165
0.254,0.005,-9.889,-0.511,0.254,0.228
0.242,-0.138,-9.84,0.354,0.235,0.196
0.265,0.146,-9.672,-0.798,0.179,0.064
0.332,0.064,-9.815,-0.047,0.175,-0.05
0.205,-0.202,-9.877,0.842,-0.019,-0.073
0.24,0.06,-9.7,-1.011,0.2,0.131
0.361,0.089,-9.799,-0.405,0.152,0.235
0.267,-0.008,-9.838,0.416,-0.029,0.084
0.294,0.083,-9.777,-0.349,0.246,0.083
0.315,-0.107,-9.842,0.671,0.208,-0.026
0.217,0.009,-9.746,-0.165,0.067,-0.104
0.288,0.244,-9.779,-1.223,0.108,0.018
0.267,-0.074,-9.971,1.034,0.097,-0.093
0.194,-0.079,-9.854,0.585,0.05,0.048
0.285,0.154,-9.751,-0.834,-0.121,0.327
0.2,0.03,-9.891,0.18,-0.071,0.018
0.131,0.027,-9.882,0.085,0.225,-0.308
0.258,-0.017,-9.848,0.062,0.29,-0.122
0.235,-0.05,-9.869,0.294,-0.31,0.12
0.203,0.205,-9.792,-0.935,-0.248,0.319
0.246,0.044,-9.873,0.168,0.308,0.093
0.182,-0.185,-9.885,1.176,0.016,-0.258
0.222,0.043,-9.71,-0.361,0.132,-0.161
0.281,0.072,-9.783,-0.207,0.17,-0.053
0.178,0.024,-9.888,0.112,-0.246,-0.179
0.213,0.031,-9.851,0.138,-0.14,-0.396
0.248,-0.168,-9.827,1.065,0.026,-0.241
0.162,-0.039,-9.698,0.012,-0.319,0.3
0.222,0.162,-9.733,-1.006,-0.068,0.153
0.2,-0.043,-9.984,0.298,0.285,-0.275
0.132,-0.103,-9.87,0.349,0.055,0.148
0.213,-0.026,-9.661,-0.043,-0.123,0.034
0.163,0.023,-9.77,-0.206,0.085,-0.148
0.075,0.093,-9.879,-0.613,0.25,0.221
0.188,-0.089,-9.839,0.461,-0.223,0.124
0.194,-0.122,-9.786,0.454,-0.191,-0.191
0.139,0.163,-9.706,-0.685,0.204,-0.39
0.193,0.095,-9.807,0.088,0.099,-0.003
0.115,-0.122,-9.893,0.888,-0.044,0.328
0.152,-0.043,-9.676,-0.017,0.199,0.008
0.243,0.073,-9.689,-0.492,-0.033,-0.325
0.15,0.147,-9.854,-0.62,-0.233,-0.144
0.172,0.042,-9.849,-0.004,0.134,0.118
0.213,-0.143,-9.802,0.797,0.122,-0.061
0.142,0.064,-9.714,-0.664,0.006,-0.138
0.211,0.202,-9.717,-0.773,0.084,0.11
0.198,-0.014,-9.939,0.545,-0.085,0.195
0.118,-0.052,-9.928,0.089,-0.043,-0.022
0.217,0.022,-9.723,-0.039,0.117,-0.088
0.179,0.088,-9.779,0.044,0.106,-0.138
0.077,0.128,-9.883,-0.234,0.063,-0.062
0.169,-0.087,-9.886,0.576,0.017,0.138
0.19,-0.069,-9.864,0.104,-0.108,-0.054
0.164,0.2,-9.736,-1.115,-0.131,-0.291
0.201,0.063,-9.782,0.173,0.161,-0.323
0.112,-0.121,-9.932,0.744,-0.183,-0.291
0.135,-0.038,-9.772,-0.153,-0.259,-0.049
0.247,0.05,-9.703,0.021,0.152,0.155
0.153,0.147,-9.841,-0.34,0.119,-0.09
0.123,0,-9.824,0.167,-0.03,-0.006
0.155,-0.216,-9.815,1.059,-0.077,0
0.126,0.034,-9.773,-0.514,0.025,-0.048
0.192,0.168,-9.685,-0.771,0.292,0.155
0.183,-0.058,-9.835,0.588,-0.073,-0.191
0.11,-0.092,-9.906,0.103,-0.249,-0.278
0.178,-0.043,-9.743,-0.144,0.14,-0.11
0.178,0.056,-9.759,-0.187,0.163,0.061
0.107,0.126,-9.825,-0.34,0.113,0.164
0.154,-0.148,-9.795,0.55,-0.111,-0.109
0.14,-0.152,-9.875,0.05,-0.324,-0.161
0.134,0.188,-9.8,-1.135,0.027,0.017
0.214,0.096,-9.761,-0.142,0.337,-0.128
0.126,-0.127,-9.902,0.923,-0.071,-0.159
0.104,-0.093,-9.774,0.292,-0.128,-0.128
0.23,0.02,-9.742,-0.513,0.043,-0.067
0.184,0.18,-9.896,-1.036,0.043,0.155
0.137,0.064,-9.786,0.095,0.077,0.341
0.157,-0.217,-9.767,1.429,-0.057,0.278
0.107,0.001,-9.847,-0.288,-0.443,0.01
0.134,0.257,-9.742,-1.206,-0.245,-0.07
0.184,0.033,-9.811,0.735,0.282,-0.014
0.137,-0.096,-9.883,0.861,-0.084,0.277
0.163,-0.022,-9.739,-0.121,-0.263,0.113
0.179,0.068,-9.781,-0.389,0.105,-0.227
0.113,0.15,-9.841,-0.617,0.101,-0.124
0.182,-0.046,-9.765,0.46,-0.004,-0.076
0.17,-0.18,-9.822,0.61,-0.121,0.027
0.099,0.102,-9.784,-0.866,0.095,0.1
0.19,0.175,-9.773,-0.758,0.149,0.077
0.164,-0.078,-9.87,0.678,-0.231,-0.126
0.09,-0.105,-9.745,0.23,0.182,-0.126
0.186,-0.02,-9.693,-0.334,0.23,-0.065
0.186,0.094,-9.861,-0.263,-0.106,-0.107
0.115,0.158,-9.854,-0.073,0.024,0.161
0.176,-0.117,-9.771,1.403,-0.086,0.251
0.142,-0.158,-9.805,0.645,-0.174,0.06
0.101,0.165,-9.731,-1.255,0.07,-0.008
0.179,0.137,-9.845,-0.317,0.163,0.088
0.143,-0.069,-9.969,0.709,0.108,-0.074
0.133,-0.059,-9.749,-0.019,0.336,-0.339
0.209,-0.011,-9.716,-0.284,-0.006,-0.004
0.116,0.11,-9.887,-0.521,-0.208,0.374
0.099,0.088,-9.847,-0.294,0.132,-0.174
0.196,-0.186,-9.817,0.96,-0.062,-0.325
0.161,-0.067,-9.792,-0.05,-0.306,0.117
0.162,0.207,-9.693,-1.302,0.02,0.223
0.178,0.019,-9.865,0.265,0.1,0.146
0.097,-0.128,-9.919,0.847,-0.085,-0.03
0.158,-0.025,-9.653,-0.137,0.142,-0.084
0.218,0.017,-9.699,-0.121,-0.073,-0.013
0.125,0.115,-9.875,-0.083,-0.134,-0.008
0.15,0.046,-9.861,0.17,-0.042,0.021
0.162,-0.148,-9.853,0.903,-0.21,0.075
0.132,0.044,-9.709,-0.255,0.237,0.126
0.19,0.179,-9.689,-0.724,0.237,0.031
0.155,-0.04,-9.928,0.644,-0.356,-0.047
0.097,-0.07,-9.934,0.341,0.119,-0.061
0.21,0.018,-9.717,-0.36,0.465,0
0.213,0.041,-9.756,-0.122,-0.064,0.358
0.099,0.069,-9.826,0.037,-0.1,0.071
0.165,-0.067,-9.825,0.262,0.042,-0.115
0.175,-0.117,-9.885,0.24,0.077,0.064
0.143,0.091,-9.735,-0.638,0.128,0.044
0.217,0.086,-9.734,-0.397,0.137,-0.117
0.142,-0.1,-9.941,0.66,0.02,-0.174
0.091,-0.093,-9.81,0.11,0.143,-0.196
0.22,-0.011,-9.689,-0.334,0.304,0.019
0.196,0.083,-9.855,-0.418,-0.098,0.505
0.109,0.055,-9.838,-0.246,-0.15,0.268
0.103,-0.159,-9.839,0.758,-0.036,-0.048
0.051,-0.1,-9.855,-0.093,-0.103,-0.051
0.107,0.14,-9.696,-1.023,-0.066,0.13
0.186,0.055,-9.8,0.278,-0.21,0.212
0.064,-0.117,-9.942,0.758,-0.187,0.091
0.045,-0.074,-9.766,-0.205,0.037,-0.11
0.086,0.05,-9.764,-0.639,-0.051,-0.051
-0.009,0.129,-9.855,-0.528,-0.19,0.196
0.027,-0.019,-9.802,0.27,-0.17,0.219
0.038,-0.175,-9.82,0.791,-0.076,-0.024
-0.061,0.073,-9.776,-1.085,0.085,-0.097
-0.009,0.223,-9.792,-1.236,-0.103,0.192
-0.033,-0.035,-9.929,0.734,-0.568,-0.128
-0.095,-0.076,-9.803,0.395,-0.116,-0.289
0.009,0.067,-9.682,-0.362,0.29,0.056
-0.017,0.104,-9.848,-0.047,-0.3,0.05
-0.077,0.146,-9.881,-0.193,0.022,0.168
-0.011,-0.034,-9.838,0.629,0.405,0.233
-0.047,-0.09,-9.765,0.543,0.02,0.019
-0.07,0.211,-9.69,-1.156,-0.227,-0.197
-0.014,0.133,-9.86,-0.106,-0.237,-0.13
-0.077,-0.102,-9.914,0.863,-0.062,-0.024
-0.028,0.008,-9.711,-0.354,0.306,-0.226
0.048,0.046,-9.72,-0.31,0.076,-0.067
-0.07,0.062,-9.825,-0.228,-0.306,0.007
-0.069,0.06,-9.816,-0.472,0.059,-0.128
-0.012,-0.159,-9.815,0.718,-0.032,0.231
-0.036,-0.018,-9.723,-0.191,-0.009,0.097
0.009,0.212,-9.731,-0.986,0.235,-0.209
-0.032,-0.06,-9.891,1.06,0.059,0.145
-0.099,-0.14,-9.831,0.831,0.136,0.256
0.024,0.031,-9.714,-0.546,0.319,-0.035
0.021,0.034,-9.772,-0.009,0.01,-0.092
-0.081,0.065,-9.832,-0.19,-0.285,-0.031
-0.025,-0.067,-9.859,0.202,0.027,-0.095
-0.042,-0.139,-9.848,0.629,-0.185,-0.093
-0.06,0.109,-9.725,-0.703,-0.189,0.003
0.044,0.078,-9.757,-0.079,0.392,0.103
-0.031,-0.122,-9.91,0.707,-0.113,0.133
-0.068,-0.081,-9.812,-0.094,-0.243,0.008
0.037,0.02,-9.741,-0.203,0.244,-0.152
-0.029,0.085,-9.837,-0.369,-0.205,-0.299
-0.048,-0.029,-9.788,0.088,-0.184,0.034
0.008,-0.202,-9.757,0.62,0.101,0.356
-0.03,0.009,-9.823,-0.56,-0.036,-0.01
0.005,0.193,-9.806,-0.817,-0.009,-0.118
0.01,-0.023,-9.839,0.811,-0.36,-0.081
-0.079,-0.116,-9.828,0.938,-0.302,0.066
-0.01,-0.013,-9.737,-0.218,-0.01,0.172
0.006,0.104,-9.813,-0.512,-0.052,0.129
-0.07,0.157,-9.887,-0.243,-0.105,0.118
0.003,-0.094,-9.84,0.978,-0.12,-0.103
-0.027,-0.145,-9.794,0.745,0.052,-0.005
-0.067,0.191,-9.736,-1.054,0.203,0.01
0.044,0.144,-9.817,-0.396,0.123,0.039
0.019,-0.093,-9.903,0.487,-0.054,0.018
0.013,-0.045,-9.765,-0.232,-0.052,-0.12
0.134,0.009,-9.698,-0.03,0.096,-0.034
0.092,0.089,-9.8,-0.554,-0.091,0.04
0.109,0.074,-9.807,-0.536,0.123,-0.093
0.219,-0.188,-9.766,0.922,0.396,-0.296
0.232,-0.068,-9.69,-0.26,0.048,-0.126
0.273,0.182,-9.695,-1.013,0.4,-0.014
0.272,-0.053,-9.802,0.828,0.543,0.019
0.249,-0.167,-9.809,0.828,0.146,-0.017
0.346,-0.052,-9.68,-0.444,0.316,-0.131
0.346,0.034,-9.695,-0.577,0.375,0.054
0.259,0.077,-9.861,-0.255,0.097,0.262
0.318,-0.134,-9.85,0.606,0.21,0.286
0.321,-0.106,-9.788,0.162,0.394,0.343
0.286,0.178,-9.762,-1.016,0.511,0.155
0.362,0.03,-9.803,0.331,0.203,0.1
0.316,-0.132,-9.894,0.571,-0.105,0.162
0.31,0.058,-9.845,-1.093,0.271,-0.245
0.394,0.06,-9.795,-0.36,0.248,-0.218
0.325,0.009,-9.78,0.36,-0.17,0.197
0.31,0.042,-9.805,-0.192,-0.036,0.539
0.351,-0.116,-9.846,0.177,0.026,0.414
0.324,0.023,-9.802,-0.474,-0.277,0.024
0.375,0.22,-9.794,-0.917,0.092,0.269
0.348,-0.051,-9.86,0.596,-0.155,0.172
0.254,-0.094,-9.844,0.501,-0.441,-0.074
0.349,0.102,-9.775,-0.539,0.294,-0.053
0.363,0.103,-9.846,-0.128,0.107,0.082
0.298,0.11,-9.867,-0.031,-0.086,0.23
0.363,-0.023,-9.85,0.605,0.192,0.162
0.333,-0.071,-9.857,0.46,-0.174,0.101
0.299,0.223,-9.778,-1.087,-0.048,-0.136
0.383,0.129,-9.836,0.305,0.399,-0.296
0.326,-0.142,-9.884,1.243,0.042,0.033
0.325,0.021,-9.786,-0.399,0.023,0.276
0.398,0.087,-9.789,-0.358,0.29,0.039
0.293,0.028,-9.821,0.307,-0.156,-0.162
0.31,0.01,-9.828,0.142,-0.199,-0.119
0.394,-0.149,-9.82,0.306,0.271,-0.025
0.337,-0.01,-9.783,-0.39,0.235,-0.407
0.351,0.148,-9.783,-0.726,0.254,-0.358
0.311,-0.124,-9.881,0.784,0.104,-0.154
0.248,-0.163,-9.83,0.524,0.221,-0.056
0.361,0.009,-9.696,-0.478,0.475,0.086
0.349,0.025,-9.783,-0.025,0.226,0.001
0.261,0.07,-9.851,-0.279,0.015,-0.052
0.302,-0.082,-9.838,0.38,-0.068,0.007
0.264,-0.176,-9.832,0.856,-0.19,0.05
0.252,0.112,-9.72,-0.851,-0.088,-0.151
0.343,0.138,-9.76,-0.63,-0.087,0.197
0.28,-0.114,-9.943,0.445,-0.709,0.723
0.255,-0.106,-9.816,-0.08,-0.29,0.36
0.34,0.027,-9.669,-0.388,0.221,-0.164
0.266,0.086,-9.778,-0.414,-0.013,-0.179
0.224,0.021,-9.8,0.012,0.159,0.1
0.302,-0.15,-9.772,0.677,0.043,0.24
0.274,-0.035,-9.803,-0.271,-0.21,0.024
0.253,0.183,-9.752,-0.885,-0.096,0.034
0.28,0.046,-9.789,0.548,-0.119,0.187
0.204,-0.079,-9.893,0.579,-0.217,-0.071
0.227,-0.02,-9.744,-0.118,0.14,-0.175
0.329,0.044,-9.738,-0.163,0.255,0.063
0.296,0.142,-9.925,-0.55,-0.132,0.271
0.307,0.081,-9.853,0.053,0.02,0.247
0.308,-0.132,-9.796,0.879,0.089,0.123
0.252,-0.05,-9.746,-0.125,0.044,-0.061
0.334,0.207,-9.698,-1.248,0.308,-0.131
0.366,0.106,-9.895,-0.101,0.042,0.096
0.307,-0.102,-9.883,0.894,-0.198,0.069
0.396,-0.054,-9.648,0.099,0.235,0.019
0.401,0.081,-9.689,-0.446,0.35,-0.225
0.288,0.114,-9.803,-0.031,0.307,-0.149
0.357,-0.047,-9.844,0.617,0.338,0.317
0.387,-0.086,-9.856,0.12,-0.034,-0.021
0.365,0.142,-9.767,-0.996,0.068,-0.085
0.399,0.122,-9.831,-0.071,0.086,0.103
0.314,-0.105,-9.894,0.911,-0.118,-0.002
0.311,-0.096,-9.791,0.155,0.063,0.009
0.377,0.024,-9.792,-0.316,0.126,-0.058
0.34,0.107,-9.856,-0.582,0.069,-0.054
0.372,-0.019,-9.865,-0.035,-0.036,-0.149
0.406,-0.208,-9.757,0.625,0.098,-0.056
0.387,0.005,-9.704,-0.531,-0.005,0.084
0.442,0.128,-9.763,-0.797,-0.251,-0.068
0.422,-0.097,-9.829,0.398,-0.215,0.208
0.385,-0.18,-9.827,0.332,-0.016,0.24
0.417,-0.014,-9.691,-0.25,0.082,-0.126
0.37,0.166,-9.78,-0.45,-0.031,-0.096
0.371,-0.03,-9.906,0.657,-0.366,0.141
0.427,-0.232,-9.725,1.353,-0.007,0.15
0.4,0.072,-9.787,-0.68,0.074,0.009
0.386,0.271,-9.97,-1.347,-0.223,0.067
0.382,-0.013,-9.861,0.635,0.022,0.197
0.443,-0.199,-9.73,0.937,0.112,-0.098
0.469,0.065,-9.745,-0.991,0.281,-0.369
0.403,0.237,-9.861,-1.315,0.233,0.122
0.372,-0.062,-9.909,0.642,-0.076,0.224
0.395,-0.217,-9.748,0.728,-0.032,0.04
0.469,0.133,-9.776,-1.32,0.075,-0.15
0.451,0.218,-9.893,-1.034,0.244,0.014
0.442,-0.181,-9.818,1.093,0.215,0.295
0.487,-0.185,-9.732,0.51,0.039,0.066
0.477,0.201,-9.789,-1.251,0.083,-0.087
0.466,0.116,-9.927,-0.332,-0.106,-0.049
0.482,-0.218,-9.663,1.448,-0.112,0.058
0.505,-0.037,-9.663,0.281,0.088,0.081
0.469,0.205,-9.929,-1.364,0.292,-0.125
0.47,-0.033,-9.838,0.338,0.209,0.054
0.526,-0.15,-9.696,1.086,0.062,0.295
0.508,0.098,-9.771,-0.445,-0.038,-0.139
0.508,0.108,-9.934,-0.285,0.313,-0.069
0.54,-0.133,-9.806,0.849,0.582,0.149
0.583,-0.021,-9.722,-0.375,0.019,-0.18
0.557,0.146,-9.816,-1.02,-0.181,-0.127
0.548,-0.091,-9.826,0.641,0.146,0.424
0.616,-0.152,-9.785,0.625,0.202,0.145
0.626,0.1,-9.776,-0.872,0.296,-0.246
0.613,0.066,-9.778,-0.304,0.015,-0.043
0.623,-0.155,-9.727,0.784,0.108,0.24
0.651,-0.012,-9.818,-0.222,0.445,0.158
0.664,0.127,-9.8,-0.706,0.264,-0.01
0.668,-0.005,-9.652,0.4,0.086,0.19
0.629,-0.047,-9.787,0.344,0.023,0.337
0.655,0.03,-9.843,-0.64,0.216,0.246
0.702,0.058,-9.712,-0.372,0.433,0.108
0.675,0.04,-9.761,-0.126,0.231,0.31
0.647,-0.011,-9.868,-0.012,-0.155,0.059
0.639,-0.019,-9.834,0.185,0.151,-0.162
0.687,0.097,-9.83,-0.122,0.312,0.071
0.7,0.047,-9.828,0.13,0.178,0.058
0.67,-0.041,-9.728,0.597,0.041,-0.035
0.684,0.092,-9.853,-0.293,0.167,-0.04
0.738,0.046,-9.883,-0.25,0.231,0.114
0.706,-0.089,-9.728,0.66,0.001,0.212
0.673,0.043,-9.794,-0.215,-0.005,0.077
0.718,0.115,-9.924,-0.631,0.1,0.102
0.743,-0.014,-9.827,0.338,0.182,-0.039
0.758,0.01,-9.742,0.252,0.275,-0.248
0.752,0.044,-9.801,-0.203,0.137,-0.127
0.757,-0.01,-9.817,0.167,-0.033,0.212
0.788,0.004,-9.775,0.112,0.189,0.307
0.79,0.033,-9.757,-0.253,0.276,0.048
0.788,0.06,-9.864,0.128,0.009,-0.036
0.816,0.013,-9.9,0.18,-0.135,0.091
0.783,-0.032,-9.72,0.241,0.088,0.131
0.738,0.012,-9.746,0.112,0.101,0.006
0.739,0.025,-9.946,-0.178,-0.146,0.009
0.77,-0.052,-9.803,0.136,0.043,0.084
0.808,-0.016,-9.647,-0.201,0.189,0.093
0.811,0.082,-9.828,-0.461,0.086,0.366
0.842,0.01,-9.901,0.099,0.103,0.363
0.866,-0.102,-9.73,0.265,0.334,0.008
0.87,-0.031,-9.684,-0.267,0.325,-0.123
0.863,0.066,-9.785,-0.355,0.019,-0.195
0.894,-0.007,-9.846,-0.099,0.096,-0.144
0.936,-0.049,-9.692,0.179,0.041,0.162
0.917,0.027,-9.725,-0.185,0.184,0.065
0.97,0.01,-9.841,-0.317,0.299,-0.131
0.981,-0.01,-9.718,0.163,-0.004,0.248
0.959,0.038,-9.753,0.087,0.036,0.282
0.987,0.003,-9.793,0.043,0.231,0.09
1.002,0.011,-9.763,0.008,0.219,0.104
1.026,0.042,-9.754,0.064,0.331,0.112
1.032,-0.025,-9.741,0.183,0.152,0.21
1.059,-0.011,-9.791,-0.212,0.18,0.036
1.066,0.029,-9.755,0.1,0.637,-0.035
1.098,0.009,-9.708,0.142,0.465,-0.1
1.155,-0.055,-9.716,0.013,0.135,-0.155
1.121,-0.052,-9.768,-0.112,0.272,0.097
1.179,0.049,-9.772,-0.575,0.448,0.196
1.206,0.066,-9.791,-0.015,0.318,0.161
1.149,-0.047,-9.791,0.593,0.23,0.057
1.215,-0.038,-9.719,0.048,0.283,0.109
1.232,0.101,-9.831,-0.716,0.578,-0.044
1.231,0.036,-9.818,0.109,0.393,-0.234
1.265,-0.039,-9.729,0.315,0.249,0.159
1.26,-0.028,-9.781,-0.331,0.618,0.378
1.264,0.014,-9.755,-0.014,0.445,0.14
1.305,0.083,-9.84,-0.247,0.388,0.081
1.307,-0.019,-9.847,-0.185,0.535,0.099
1.301,-0.032,-9.715,0.02,0.43,0.132
1.36,0.089,-9.813,-0.354,0.671,-0.361
1.376,0.041,-9.885,0.024,0.431,-0.08
1.334,-0.061,-9.827,0.364,0.166,0.481
1.382,-0.039,-9.786,-0.122,0.562,0.015
1.451,0.043,-9.834,-0.541,0.703,-0.101
1.407,0.006,-9.839,-0.109,0.498,0.084
1.441,-0.072,-9.757,0.303,0.621,0.51
1.47,-0.017,-9.827,-0.265,0.461,0.392
1.427,0.024,-9.824,-0.309,0.406,0.093
1.479,0.003,-9.734,0.118,0.695,0.211
1.513,0.025,-9.808,-0.227,0.447,0.213
1.468,-0.001,-9.932,-0.177,0.518,-0.131
1.484,-0.1,-9.915,0.242,0.626,0.088
1.511,0.001,-9.777,-0.204,0.714,0.442
1.542,0.194,-9.826,-0.658,0.547,0.129
1.53,0.001,-9.932,0.595,0.22,-0.039
1.517,-0.095,-9.846,0.605,0.47,-0.004
1.568,0.113,-9.783,-0.713,0.651,0.327
1.542,0.059,-9.886,-0.109,0.38,0.333
1.522,-0.041,-9.873,0.209,0.367,0.283
1.575,0.068,-9.909,-0.308,0.497,0.299
1.595,0.055,-9.912,0.092,0.551,0.352
1.579,0.071,-9.81,-0.189,0.656,0.195
1.563,0.046,-9.871,-0.072,0.433,-0.129
1.575,-0.024,-9.817,0.301,0.535,-0.04
1.599,0.107,-9.817,-0.688,0.444,0.129
1.589,0.1,-9.849,-0.367,0.354,0.203
1.585,-0.052,-9.879,0.879,0.507,-0.019
1.628,-0.06,-9.872,0.406,0.242,0.223
1.634,0.094,-9.757,-0.625,0.212,0.589
1.615,0.133,-9.832,-0.141,0.454,0.226
1.643,-0.03,-9.914,0.778,0.207,0.057
1.652,-0.065,-9.712,0.409,0.256,0.132
1.641,0.11,-9.746,-0.201,0.611,0.009
1.66,0.097,-9.865,0.145,0.291,0.022
1.65,-0.011,-9.781,0.251,0.129,0.009
1.642,-0.068,-9.756,0.517,0.399,-0.036
1.7,0.037,-9.759,-0.019,0.222,0.247
1.707,0.116,-9.81,-0.446,0.268,0.305
1.643,-0.065,-9.789,0.828,0.445,0.027
1.635,-0.036,-9.746,0.283,0.13,-0.011
1.7,0.106,-9.833,-0.755,0.138,0.096
1.666,-0.048,-9.781,0.582,0.202,0.208
1.677,-0.077,-9.709,0.703,-0.139,0.003
1.698,0.092,-9.748,-0.579,0.041,0.057
1.654,0.089,-9.728,-0.106,0.458,0.182
1.745,-0.048,-9.686,0.821,0.02,0.277
1.707,-0.115,-9.644,0.51,-0.026,0.255
1.625,-0.02,-9.735,-0.22,0.212,0.264
1.683,0.084,-9.771,-0.526,0.122,0.623
1.672,0.044,-9.79,-0.344,0.024,0.325
1.67,-0.087,-9.805,0.376,0.058,0.16
1.639,-0.138,-9.808,0.341,0.128,-0.12
1.692,0.077,-9.821,-1.197,0.326,-0.026
1.676,0.083,-9.967,-0.441,0.246,0.76
1.648,-0.21,-9.799,1.101,0.041,0.739
1.649,0.015,-9.786,-0.674,0.125,0.02
1.61,0.147,-10.152,-1.219,0.093,0.206
1.639,-0.212,-9.908,0.888,0.093,0.568
1.642,-0.106,-9.653,0.135,0.258,0.124
1.689,0.241,-9.851,-1.594,0.475,0.093
1.601,-0.022,-10.118,0.13,-0.093,0.295
1.656,-0.238,-9.733,0.98,-0.055,0.3
1.721,0.126,-9.631,-0.957,0.497,-0.01
1.66,0.154,-9.918,-0.952,0.198,0.088
1.625,-0.029,-9.792,-0.042,-0.066,0.387
1.623,0.01,-9.865,-0.098,-0.11,0.158
1.694,0.04,-9.765,-0.234,0.336,0.281
1.702,0.149,-9.702,-0.571,0.388,0.354
1.639,0.003,-9.823,0.252,-0.133,0.177
1.675,-0.03,-9.799,-0.235,-0.126,0.068
1.761,0.233,-9.812,-1.36,0.076,0.177
1.746,0.065,-9.746,0.027,-0.024,0.284
1.77,-0.118,-9.707,0.521,0.121,-0.003
1.779,0.086,-9.704,-0.546,-0.003,-0.119
1.789,0.165,-9.651,-0.435,-0.066,0.157
1.841,0.09,-9.631,-0.015,0.262,0.108
1.855,-0.134,-9.681,0.823,0.107,-0.134
1.815,-0.205,-9.607,0.65,0.049,-0.012
1.882,0.246,-9.746,-1.84,0.232,0.082
2.014,0.196,-9.738,-0.523,0.233,0.217
2.016,-0.21,-9.545,1.761,0.057,0.075
1.912,-0.091,-9.818,0.063,0.125,0.162
2.041,0.132,-9.761,-1.36,0.422,0.241
2.124,0.191,-9.641,-0.747,0.819,0.01
2.034,-0.133,-9.788,1.147,0.62,-0.217
2.099,-0.212,-9.753,0.637,0.391,0.08
2.192,0.222,-9.699,-1.597,0.985,0.583
2.219,0.075,-9.914,-0.173,0.697,0.408
2.279,-0.245,-9.735,1.472,0.446,0.321
2.279,0.048,-9.54,-0.942,1.087,0.239
2.275,0.124,-9.974,-1.335,1.118,0.234
2.349,-0.145,-9.803,0.61,1.174,0.485
2.309,-0.058,-9.618,-0.175,1.021,0.431
2.37,0.079,-9.913,-1.123,0.914,0.064
2.497,0.033,-9.818,-0.533,1.411,0.115
2.39,-0.057,-9.666,0.217,1.138,0.461
2.448,-0.042,-9.773,-0.1,1.16,0.462
2.548,0.146,-9.878,-1.235,1.5,0.488
2.442,0.062,-9.79,-0.315,1.306,0.346
2.438,-0.007,-9.845,0.388,1.254,0.244
2.528,0.122,-9.932,-0.425,1.404,0.224
2.53,0.061,-9.786,0.043,1.376,0.218
2.469,0.051,-9.777,0.221,1.038,0.277
2.547,0.103,-9.975,-0.307,0.827,0.576
2.507,0.098,-9.947,-0.165,1.208,0.668
2.415,0.029,-9.895,0.281,1.19,0.138
2.529,0.057,-9.952,0.179,1.154,0.119
2.524,0.145,-9.863,-0.208,1.312,0.274
2.493,-0.004,-9.979,0.399,1.113,0.128
2.599,0.036,-9.892,0.232,1.363,0.084
2.538,0.182,-9.787,-0.479,1.211,0.045
2.492,-0.067,-10.026,0.735,0.614,-0.095
2.601,-0.073,-9.897,0.354,0.577,0.125
2.508,0.156,-9.835,-0.497,0.851,0.306
2.531,-0.011,-9.948,0.674,0.821,0.103
2.651,-0.09,-9.889,0.463,0.658,0.066
2.547,0.126,-9.78,-0.841,0.511,0.05
2.489,0.013,-9.869,-0.263,0.401,0.309
2.52,-0.159,-9.827,0.463,0.702,0.601
2.491,-0.007,-9.813,-0.444,0.707,0.32
2.529,0.12,-9.853,-0.771,0.456,0.25
2.598,0.058,-9.718,-0.046,0.418,0.165
2.454,-0.114,-9.788,0.743,0.025,0.218
2.427,-0.084,-9.635,0.232,0.133,0.504
2.56,0.178,-9.649,-0.739,0.337,0.337
2.473,0.052,-9.797,0.455,0.017,0.161
2.404,-0.134,-9.481,1.344,0.04,0.347
2.476,0.129,-9.635,-0.239,0.236,0.589
2.525,0.098,-9.829,-0.321,0.052,0.702
2.464,-0.021,-9.683,0.636,-0.378,0.554
2.434,0.085,-9.737,-0.115,-0.099,0.011
2.405,0.108,-9.927,-0.81,0.32,0.074
2.341,-0.056,-9.929,0.21,-0.188,0.27
2.421,0.015,-9.701,-0.114,-0.199,0.59
2.524,0.192,-9.872,-1.565,0.059,0.844
2.414,-0.075,-9.746,0.029,-0.15,0.226
2.226,-0.084,-9.854,0.24,-0.027,0.173
2.336,0.13,-10.078,-1.232,0.341,0.164
2.356,0.126,-9.727,-0.299,0.325,0.243
2.407,0.068,-9.695,0.848,0.155,0.581
2.356,0.002,-9.995,0.25,0.118,0.431
2.225,-0.036,-10.062,-0.145,0.136,0.093
2.378,0.169,-9.92,-0.209,0.193,0
2.339,0.25,-9.94,0.16,-0.049,0.347
2.274,-0.054,-9.99,1.415,-0.15,0.436
2.308,-0.091,-9.713,0.518,0.176,0.09
2.294,0.184,-9.727,-0.859,0.36,-0.097
2.273,0.242,-10.145,-0.154,-0.254,-0.006
2.381,0.108,-9.656,0.715,-0.208,0.532
2.437,-0.08,-9.519,1.319,0.339,0.726
2.171,-0.11,-10.008,0.467,-0.237,0.167
2.226,0.328,-9.744,-2.609,0.043,0.22
2.283,0.244,-9.754,-0.481,0.397,0.309
2.185,-0.5,-9.712,3.648,-0.408,-0.096
2.266,-0.08,-9.724,-0.668,-0.038,0.011
2.167,0.473,-9.93,-3.296,0.281,0.184
2.209,-0.135,-9.752,1.681,-0.469,0.653
2.246,-0.38,-9.785,2.68,-0.381,0.785
2.166,0.124,-9.717,-0.968,0.147,0.294
2.205,0.327,-9.807,-1.099,-0.031,0.361
2.229,-0.029,-9.915,1.607,-0.234,0.435
2.156,-0.143,-9.81,1.569,-0.013,0.444
2.169,0.108,-9.793,-0.357,-0.317,0.556
2.189,0.225,-9.966,-0.214,-0.355,0.326
2.11,0.122,-9.954,1.075,-0.031,0.063
2.159,0.034,-10.036,0.925,-0.55,0.117
2.223,0.033,-9.919,0.495,-0.438,0.239
2.131,0.193,-9.694,-0.247,-0.092,0.388
2.055,0.102,-9.976,0.493,-0.466,0.577
2.109,-0.211,-9.716,1.586,-0.284,0.343
2.17,-0.012,-9.71,-0.672,0.147,0.099
2.05,0.139,-9.99,-1.191,-0.265,0.318
2.04,-0.096,-9.72,0.853,-0.572,0.295
2.149,-0.171,-9.703,0.503,-0.163,0.229
2.059,-0.039,-9.795,-0.837,0.109,0.367
2.126,0.075,-9.703,-0.969,0.338,0.389
2.076,-0.177,-9.812,0.354,0.104,0.174
1.91,-0.363,-9.604,0.614,-0.074,0.263
1.884,0.148,-9.523,-1.914,-0.03,0.333
1.893,0.16,-10.011,-1.018,-0.082,0.195
1.922,-0.341,-9.731,2.078,0.101,0.172
1.765,-0.091,-9.565,0.085,-0.256,0.328
1.645,0.199,-10.118,-1.748,-0.347,0.437
1.562,0.084,-10.205,0.167,-0.669,0.157
1.638,0.047,-9.999,0.421,-0.799,0.215
1.716,-0.064,-9.742,0.354,-0.517,0.212
1.523,0.032,-9.888,-0.195,-0.999,-0.014
1.466,0.317,-10.065,-1.712,-1.14,-0.044
1.297,0.039,-10.131,0.106,-1.209,0.038
1.187,-0.109,-9.883,0.749,-1.315,-0.074
1.371,0.319,-9.785,-1.484,-0.932,-0.145
1.247,0.062,-10.053,-0.18,-1.505,0.041
0.985,-0.237,-10.038,0.834,-1.938,-0.236
1.033,0.185,-10.185,-1.485,-1.499,-0.204
1.139,0.12,-9.951,-0.757,-1.3,0.198
0.919,-0.185,-9.745,1.663,-1.557,0.057
0.742,-0.078,-10.058,0.265,-1.829,-0.32
0.743,0.106,-10.185,-1.221,-1.797,-0.379
0.662,0.078,-9.92,0.234,-2.029,-0.119
0.673,0.011,-9.757,0.761,-1.842,0.08
0.644,0,-10.008,0.172,-1.352,0.372
0.501,-0.13,-9.965,0.552,-1.596,0.289
0.521,-0.008,-9.889,-0.124,-2.03,-0.026
0.529,0.27,-10.091,-0.921,-1.886,0.187
0.573,0.023,-9.883,0.611,-1.768,0.388
0.588,-0.149,-9.668,1.318,-1.913,0.23
0.426,0.095,-9.626,-0.139,-1.96,0.065
0.384,0.101,-9.681,-0.373,-1.751,0.175
0.42,0.115,-9.842,0.486,-1.831,0.363
0.561,0.087,-9.807,0.862,-1.69,0.046
0.492,-0.177,-9.356,1.512,-1.63,-0.018
0.388,-0.027,-9.428,0.577,-1.713,0.436
0.437,0.261,-9.945,-0.871,-1.425,0.178
0.451,0.019,-9.638,0.909,-1.234,-0.147
0.518,-0.19,-9.284,1.739,-1.03,0.203
0.34,0.07,-9.471,-0.538,-1.165,0.133
0.272,0.182,-9.733,-1.044,-1.255,0.174
0.4,0.047,-9.757,0.388,-0.946,0.34
0.368,0.055,-9.431,0.53,-0.494,-0.054
0.413,-0.007,-9.399,0.457,-0.784,0.029
0.371,-0.104,-9.677,1.065,-0.539,0.321
0.294,0.064,-9.398,0.277,-0.095,0.224
0.362,0.156,-9.5,-0.214,-0.428,0.171
0.461,-0.043,-9.697,1.081,-0.406,0.237
0.325,-0.165,-9.502,1.186,-0.402,-0.02
0.208,0.009,-9.799,-0.131,-0.394,-0.021
0.395,0.206,-9.903,-0.931,-0.089,0.364
0.456,-0.072,-9.717,0.578,-0.193,0.322
0.302,-0.347,-9.605,1.632,-0.35,0.05
0.346,0.018,-9.691,-1.256,0.112,-0.083
0.414,0.111,-9.766,-1.774,0.243,0.001
0.326,-0.248,-9.479,1.449,-0.034,0.226
0.421,0.007,-9.435,0.211,0.078,0.114
0.519,0.167,-9.528,-0.944,0.313,-0.066
0.367,-0.253,-9.563,1.798,0.182,0.264
0.225,-0.044,-9.896,0.709,0.132,0.149
0.428,0.243,-9.828,-0.505,0.413,-0.163
0.468,0.093,-9.762,0.887,0.387,0.002
0.433,-0.061,-9.775,1.556,0.149,-0.129
0.51,0.011,-9.649,0.578,0.096,-0.256
0.313,0.237,-10.001,-0.498,-0.021,-0.034
0.471,-0.013,-9.786,0.879,0.065,0.122
0.66,-0.115,-9.777,0.897,0.092,-0.317
0.455,0.157,-9.999,-1.174,0.17,-0.373
0.402,0.163,-9.745,-0.836,-0.254,-0.208
0.354,-0.07,-10.229,1.217,-0.493,-0.279
0.456,-0.16,-10.092,0.583,0.267,-0.084
0.543,0.001,-9.53,-0.406,0.584,0.011
0.491,-0.048,-9.923,0.113,0.311,-0.05
0.431,-0.163,-10.055,0.318,0.234,-0.105
0.426,-0.014,-9.734,-0.043,0.364,-0.225
0.588,0.027,-9.905,0.06,0.335,-0.155
0.569,-0.174,-10.031,1.42,0.284,0.112
0.562,-0.143,-9.534,0.636,0.665,-0.302
0.547,-0.004,-9.623,-0.209,0.738,-0.333
0.414,-0.04,-10.19,0.453,0.199,0.108
0.579,0.075,-10.057,-0.129,0.34,0.039
0.747,-0.135,-9.455,0.453,0.931,0.184
0.493,-0.28,-9.574,1.002,0.323,0.009
0.401,0.206,-10.11,-2.19,0.476,-0.502
0.669,0.206,-10.062,-1.564,0.909,-0.106
0.626,-0.4,-9.681,2.803,0.035,0.395
0.614,-0.199,-9.669,-0.001,0.151,0.133
0.616,0.263,-9.878,-3.07,0.456,-0.138
0.476,-0.047,-9.854,0.013,-0.061,0.003
0.636,-0.13,-9.854,0.604,-0.009,-0.048
0.726,-0.059,-9.633,-0.447,0.174,-0.082
0.6,-0.208,-9.53,0.471,-0.266,0.031
0.583,0.157,-9.854,-1.898,-0.022,0.005
0.564,0.159,-9.984,-1.278,0.023,0.208
0.492,-0.284,-9.757,1.808,-0.704,0.05
0.679,0.174,-9.77,-1.537,-0.098,-0.151
0.741,0.222,-9.726,-1.451,0.169,-0.02
0.425,-0.33,-9.809,1.56,-0.855,0.163
0.498,0.137,-9.743,-1.618,-0.432,0.077
0.725,0.427,-9.813,-2.193,0.154,-0.213
0.568,-0.223,-9.884,2.032,-0.619,-0.089
0.643,-0.099,-9.359,0.255,-0.076,-0.12
0.659,0.305,-9.837,-1.788,0.515,-0.244
0.379,-0.004,-10.047,0.728,-0.228,-0.45
0.61,0.037,-9.748,0.218,0.221,-0.16
0.776,0.123,-9.788,0.217,0.472,0.184
0.593,0.015,-9.647,0.678,0.112,-0.228
0.583,0.16,-9.941,-0.752,0.445,-0.45
0.528,0.041,-9.668,0.814,0.233,-0.312
0.442,0.049,-9.807,1.017,0.032,-0.211
0.625,0.182,-10.185,-0.652,0.72,-0.241
0.711,-0.064,-9.665,0.74,0.749,-0.21
0.513,-0.107,-10.031,0.805,0.184,-0.299
0.57,0.263,-10.079,-1.741,0.36,-0.35
0.628,0.16,-9.775,-0.243,0.352,-0.328
0.57,-0.411,-9.736,2.926,-0.151,-0.136
0.601,-0.081,-9.682,-0.079,0.198,-0.016
0.647,0.441,-10.083,-2.051,0.67,-0.258
0.561,-0.094,-10.014,2.189,0.098,-0.08
0.567,-0.306,-9.639,2.807,0.043,-0.021
0.714,0.189,-9.901,-0.325,0.241,0.019
0.56,0.063,-10.048,0.474,-0.379,-0.107
0.542,-0.205,-9.894,1.712,-0.279,-0.171
0.632,-0.014,-9.815,0.061,-0.038,0.025
0.646,0.14,-9.865,-0.896,-0.148,-0.121
0.65,0,-9.901,0.05,-0.408,0.052
0.612,-0.252,-9.896,1.174,-0.553,-0.012
0.607,-0.126,-9.949,0.029,-0.609,-0.186
0.672,0.097,-9.774,-1.595,-0.435,-0.087
0.659,-0.144,-9.7,0.341,-0.382,0.267
0.47,-0.367,-9.397,1.3,-0.515,0.095
0.334,-0.07,-9.807,-1.084,-0.604,-0.107
0.283,-0.019,-10.113,-1.001,-0.736,-0.013
0.389,-0.133,-9.536,0.315,-0.199,-0.167
0.517,-0.114,-9.762,0.275,-0.313,0.185
0.52,-0.199,-9.729,0.258,-0.352,0.378
0.511,0.08,-9.698,-1.523,-0.071,0.109
0.744,0.177,-9.955,-1.533,-0.289,-0.068
0.713,-0.101,-9.659,0.654,-0.182,-0.263
0.744,-0.081,-9.51,0.149,0.251,-0.325
0.859,0.03,-9.646,-0.884,0.27,-0.069
0.699,-0.035,-9.838,-0.263,0.051,0.228
0.884,0.123,-9.749,-0.743,0.578,0.273
0.949,0.226,-9.542,-0.465,1.149,-0.092
0.733,-0.162,-9.79,1.447,0.658,-0.34
0.841,-0.165,-9.579,-0.293,0.669,-0.285
0.777,0.249,-9.839,-1.998,0.769,-0.176
0.659,0.183,-9.796,-0.598,0.604,-0.031
0.738,-0.019,-9.667,-0.052,0.67,-0.097
0.704,-0.179,-10.281,0.312,0.383,-0.492
0.934,0.058,-9.807,-1.455,0.755,-0.352
1.04,0.388,-9.744,-2.417,0.831,-0.118
0.979,-0.193,-9.918,1.576,0.447,-0.271
1.066,-0.381,-9.464,1.437,0.589,-0.339
1.063,0.28,-9.723,-2.556,0.764,-0.296
0.98,0.285,-9.97,-0.847,0.564,-0.221
0.877,-0.269,-9.66,2.711,0.396,-0.227
0.671,-0.212,-9.862,0.743,0.429,-0.351
0.637,0.171,-9.886,-1.105,0.282,-0.284
0.817,0.163,-9.91,-0.298,0.428,-0.025
0.885,-0.065,-10.192,0.602,0.338,-0.184
0.914,-0.148,-9.611,1,0.474,-0.296
1.011,0.008,-9.813,-0.297,0.314,-0.104
1.016,0.088,-10.319,-0.809,-0.165,0.089
1.086,0.069,-9.572,-0.308,0.591,-0.067
1.084,-0.061,-9.665,0.215,0.291,-0.327
0.792,-0.195,-10.088,0.215,-0.411,-0.045
0.756,0.032,-9.674,-1.28,0.251,0.05
0.967,0.077,-9.588,-0.393,0.366,-0.142
0.863,-0.126,-9.793,1.019,-0.081,-0.09
0.767,-0.086,-9.55,0.001,-0.113,0.198
0.851,0.039,-9.91,-0.405,0.058,0.357
0.973,0.03,-10.13,0.257,0.3,0.412
1.12,0.065,-9.57,0.423,-0.105,0.225
1.16,0.13,-9.679,0.2,-0.218,0.049
1.131,0.031,-9.819,0.663,-0.091,-0.116
1.008,0.059,-9.659,0.195,-0.401,-0.156
0.987,0.275,-9.807,-0.667,-0.286,0.129
1.12,0.109,-10.137,0.795,-0.124,0.067
1.192,-0.179,-9.682,1.423,-0.057,-0.324
1.019,-0.003,-9.654,-0.46,-0.196,-0.66
1.015,0.232,-10.127,-1.596,-0.132,-0.169
1.068,0.036,-9.942,0.138,-0.155,0.161
1.218,-0.158,-9.553,1.617,-0.148,-0.013
1.244,-0.147,-9.325,0.524,0.073,-0.312
0.907,-0.086,-9.86,-0.479,-0.23,-0.406
0.833,0.121,-10.291,-0.863,-0.481,-0.129
0.959,0.111,-10.113,-0.235,0.125,-0.032
1.031,-0.108,-10.062,1.409,0.315,0.106
1.058,-0.262,-9.483,1.935,-0.002,-0.131
0.984,-0.054,-9.539,-0.165,-0.245,-0.319
0.79,0.286,-10.34,-1.451,-0.216,0.096
0.908,0.019,-9.903,1.31,0.223,0.127
1.093,-0.226,-9.56,2.635,0.228,-0.174
0.966,0.024,-9.892,0.304,-0.011,-0.191
1.012,0.104,-9.87,-0.486,0.045,-0.083
1.003,0.046,-9.901,0.756,0.085,-0.316
0.936,-0.118,-9.92,1.731,-0.306,-0.209
1.131,-0.046,-9.778,0.261,-0.305,0.105
1.129,0.191,-9.759,-0.826,-0.044,-0.12
0.836,-0.096,-9.813,0.982,-0.441,-0.224
0.794,-0.192,-9.844,0.516,-0.8,-0.22
0.847,0.23,-9.939,-2.371,-0.345,-0.096
0.966,0.017,-9.734,-0.169,-0.313,0.247
1.07,-0.508,-9.592,2.544,-0.835,0.416
0.834,-0.228,-10.219,-0.334,-1.172,0.191
0.901,-0.052,-9.945,-1.612,-0.391,0.086
1.003,0.067,-9.561,-1.511,0.015,0.022
1.044,-0.026,-9.619,-0.05,-0.611,-0.158
0.959,-0.317,-9.774,0.913,-0.519,0.185
0.767,-0.035,-10.066,-1.588,-0.438,0.065
0.977,0.069,-9.672,-1.166,-0.13,-0.078
0.948,-0.024,-9.695,0.203,0.105,0.056
0.842,0.075,-9.695,-0.584,-0.128,-0.159
1.015,0.07,-9.582,-0.36,0.09,-0.338
0.961,-0.145,-10.056,0.922,0.146,-0.137
1.002,0.103,-9.474,-0.854,0.444,-0.059
1.014,0.321,-9.251,-1.309,0.509,-0.346
0.803,-0.081,-9.927,1.448,0.017,-0.31
0.899,-0.091,-9.685,0.776,0.395,-0.269
1.048,0.139,-9.781,-0.794,0.617,-0.436
0.97,0.05,-9.748,0.287,0.482,-0.396
0.807,0.184,-9.885,-0.452,0.527,-0.327
0.734,0.028,-10.235,-0.702,0.174,-0.266
0.802,-0.192,-9.955,0.889,0.274,-0.184
0.805,0.12,-9.803,-0.734,0.516,-0.277
0.844,0.031,-9.789,-0.437,-0.003,-0.395
0.715,-0.34,-9.982,1.75,-0.439,-0.326
0.744,0.029,-9.846,-1.407,0.016,-0.324
0.839,0.382,-9.909,-2.071,0.552,-0.37
0.724,-0.352,-9.679,3.531,0.079,-0.519
0.712,-0.369,-9.537,1.841,-0.27,-0.266
0.645,0.136,-10.144,-1.78,-0.2,-0.176
0.599,-0.021,-9.79,0.263,-0.166,-0.106
0.612,0.178,-9.659,0.116,-0.145,-0.105
0.636,-0.021,-9.899,0.822,-0.424,-0.219
0.531,-0.216,-9.669,0.885,-0.324,-0.076
0.525,0.201,-9.824,-1.581,-0.133,-0.396
0.514,-0.052,-9.888,0.172,-0.539,-0.215
0.449,-0.323,-9.671,1.175,-0.363,0.01
0.555,0.105,-9.51,-1.415,0.347,-0.016
0.498,0.125,-9.875,-0.614,-0.078,-0.06
0.328,-0.406,-10.02,1.721,-0.69,0.089
0.31,-0.214,-9.77,-0.327,-0.213,-0.055
0.414,0.311,-10.039,-2.109,-0.181,-0.085
0.342,-0.012,-10.052,0.718,-0.336,-0.205
0.318,-0.348,-10.005,1.501,-0.087,-0.315
0.397,0.058,-10.119,-1.611,-0.133,0.008
0.285,0.185,-9.996,-1.244,-0.25,0.083
0.337,-0.247,-9.93,1.61,-0.352,0.015
0.29,-0.176,-9.881,0.68,-0.169,-0.076
0.313,0.202,-9.895,-1.708,-0.187,-0.098
0.302,0.149,-9.922,-0.363,-0.46,-0.276
0.201,-0.007,-9.837,1.16,-0.436,-0.038
0.373,-0.011,-9.502,0.188,-0.2,0.003
0.277,0.053,-9.629,0.363,-0.243,-0.116
0.217,0.144,-9.935,0.035,-0.536,0.061
0.194,-0.011,-9.797,0.307,-0.609,-0.076
0.06,-0.182,-9.786,1.783,-0.474,-0.157
0.261,0.214,-9.911,-0.824,-0.249,-0.319
0.274,0.301,-9.776,-1.089,-0.017,-0.342
0.183,-0.189,-9.655,2.472,-0.379,-0.297
0.215,-0.13,-9.692,0.994,-0.558,-0.318
0.08,0.065,-9.852,-0.819,-0.535,-0.181
0.13,0.043,-9.944,0.226,-0.602,-0.335
0.259,0.088,-9.829,-0.045,-0.254,-0.228
0.147,-0.29,-9.943,2.143,-0.403,-0.024
0.103,-0.289,-9.547,1.122,-0.193,-0.172
0.149,0.257,-9.757,-2.921,-0.213,-0.096
0.146,0.063,-10.047,-0.251,-0.386,-0.16
0.299,-0.216,-9.311,1.707,0.135,-0.365
0.107,-0.169,-9.622,0.538,-0.358,-0.214
0.101,-0.142,-9.802,-0.36,-0.372,0.133
0.175,0.137,-9.615,-1.278,-0.037,0.011
-0.01,0.052,-9.869,0.44,-0.634,0.041
0.113,-0.235,-9.688,1.248,-0.233,0.289
0.189,-0.087,-9.889,-0.908,0.083,-0.068
0.162,-0.058,-9.891,-0.257,-0.103,-0.11
0.154,-0.044,-9.642,0.554,0.168,0.007
0.131,0.069,-10.066,-0.899,-0.075,-0.12
0.186,-0.007,-9.823,-0.26,0.068,-0.131
0.184,0.042,-9.364,0.361,0.413,-0.106
0.084,0.135,-9.999,-0.18,-0.221,-0.018
0.073,-0.016,-9.98,0.741,-0.08,0.005
0.13,-0.065,-9.384,1.021,0.586,-0.243
0.264,0.105,-9.905,-0.427,0.426,-0.219
0.027,0.076,-9.974,0.537,0.012,0.081
0.155,0.091,-9.448,0.676,0.479,-0.107
0.294,0.076,-9.804,0.317,0.269,-0.194
0.067,-0.118,-9.743,1.148,-0.317,-0.025
0.184,0.104,-9.598,-1.176,0.204,-0.206
0.14,0.055,-10.194,0.017,-0.006,-0.284
0.168,-0.166,-9.669,1.253,0.122,-0.154
0.225,0.26,-9.442,-2.323,0.356,-0.265
0.211,-0.055,-10.112,0.659,-0.357,-0.177
0.351,-0.452,-9.287,2.75,0.174,0
0.181,0.169,-9.427,-1.677,0.333,-0.074
0.123,-0.004,-10.368,-0.139,-0.311,-0.229
0.447,-0.3,-9.615,1.756,0.212,-0.444
0.266,0.047,-9.604,-0.517,0.301,-0.359
0.125,-0.033,-10.081,-0.229,-0.26,0.14
0.162,-0.072,-9.924,0.107,-0.268,0.072
0.327,-0.042,-9.769,-0.127,0.104,-0.218
0.384,-0.196,-9.688,1.065,-0.047,-0.15
0.251,0.084,-9.793,-0.781,-0.146,0.019
0.329,0.174,-9.998,-1.313,-0.019,0.006
0.265,-0.139,-9.88,1.533,-0.211,0.113
0.352,-0.225,-9.691,1.45,-0.128,0.143
0.482,-0.142,-9.565,0.178,0.036,-0.26
0.135,0.081,-9.873,-0.513,-0.314,-0.116
0.297,0.205,-10.109,-1.376,0.119,0.187
0.528,-0.075,-9.832,0.218,0.47,0.091
0.217,-0.18,-9.739,1.439,0.086,-0.091
0.357,0.223,-9.946,-1.477,0.396,0.003
0.346,0.029,-10.253,-0.842,0.416,0.159
0.306,-0.101,-9.857,0.966,0.395,0.012
0.539,0.289,-9.675,-1.046,0.437,-0.194
0.398,-0.037,-10.246,0.401,0.026,-0.331
0.207,-0.259,-9.918,1.684,0.106,-0.111
0.408,0.344,-9.781,-2.001,0.641,-0.031
0.54,0.428,-10.202,-1.45,0.655,0.052
0.452,-0.257,-9.579,3.498,0.174,0.227
0.463,-0.233,-9.35,1.96,0.297,-0.405
0.325,0.177,-9.981,-1.359,0.261,-0.456
0.381,0.307,-9.752,-1.624,0.246,-0.306
0.503,0.192,-9.736,0.645,0.561,-0.159
0.324,-0.36,-9.929,3.596,0.257,-0.127
0.34,-0.124,-9.508,-0.125,0.453,-0.556
0.46,0.352,-9.983,-1.809,0.484,-0.425
0.422,-0.157,-10.051,2.319,-0.014,-0.043
0.642,-0.194,-9.592,0.923,0.366,-0.08
0.581,0.147,-9.74,-1.019,0.484,-0.265
0.274,-0.237,-9.891,1.281,0.06,-0.275
0.451,-0.238,-9.813,0.074,0.432,-0.436
0.542,0.093,-9.481,-1.575,0.672,-0.381
0.565,-0.066,-9.562,0.051,0.125,-0.011
0.548,-0.309,-9.882,0.404,-0.037,-0.049
0.535,-0.192,-9.614,-0.668,0.333,-0.165
0.418,0.113,-9.524,-1.064,0.246,0.234
0.425,-0.075,-9.666,0.758,0.151,0.329
0.466,-0.345,-9.77,1.586,-0.329,-0.036
0.425,-0.107,-9.674,-0.494,-0.351,-0.068
0.466,0.191,-9.944,-1.67,0.166,0.044
0.46,-0.055,-9.951,0.269,0.009,0.237
0.475,-0.278,-9.607,1.342,-0.029,0.29
0.425,0.065,-10.014,-1.467,-0.268,-0.118
0.638,0.274,-9.992,-2.132,-0.34,-0.124
0.52,-0.013,-9.753,0.188,-0.293,-0.038
0.206,-0.088,-9.761,0.147,-0.634,-0.212
0.374,0.095,-9.957,-1.408,-0.395,-0.071
0.281,0.009,-9.849,-0.135,-0.04,-0.097
0.243,-0.133,-9.776,1.07,-0.517,-0.23
0.383,0.046,-10.236,-0.999,-0.599,-0.075
0.22,0.099,-9.926,-0.433,-0.309,-0.009
0.388,-0.104,-9.735,1.646,-0.228,-0.194
0.377,0.113,-9.938,-0.092,-0.328,-0.33
0.123,0.058,-10.072,-0.014,-0.798,-0.216
0.345,0.015,-10.113,0.362,-0.431,-0.23
0.222,0.283,-10.117,-0.31,-0.108,-0.307
0.235,-0.011,-9.859,1.744,-0.234,-0.232
0.305,-0.032,-9.728,1.074,-0.212,0.115
0.131,0.34,-10.027,-1.582,-0.395,-0.079
0.116,0.021,-10.069,1.076,-0.174,-0.36
0.184,-0.241,-9.764,2.776,-0.057,-0.374
0.205,0.234,-9.726,-1.301,-0.076,-0.48
0.238,0.041,-10.218,0.023,-0.534,-0.31
0.176,-0.356,-9.878,2.732,-0.741,-0.184
0.052,0.099,-9.618,-1.291,-0.026,-0.472
0.354,0.048,-10.071,-1.107,-0.169,-0.334
0.095,-0.413,-9.695,2.338,-1.019,0.102
-0.084,-0.038,-9.469,0.044,-0.604,0.059
0.256,0.31,-10.123,-2.192,-0.203,-0.164
0.188,-0.184,-9.667,1.359,-0.871,-0.302
0.13,-0.397,-9.363,3.182,-1.171,-0.016
0.051,-0.022,-9.838,-0.485,-0.627,0.236
0.115,0.145,-9.809,-1.435,-0.308,0.184
0.247,-0.001,-9.383,1.425,-0.35,0.024
0.105,-0.159,-9.447,1.165,-0.517,0.121
-0.122,-0.141,-9.993,-0.695,-1.152,0.151
0.022,0.156,-9.802,-1.657,-0.375,-0.286
0.301,0.391,-9.647,-1.867,0.582,-0.225
0.119,-0.261,-9.6,1.927,-0.327,0.247
-0.071,-0.69,-9.352,2.485,-0.925,0.08
-0.022,0.203,-9.742,-3.66,-0.019,-0.148
0.153,0.361,-9.959,-2.803,0.258,-0.085
0.154,-0.271,-9.438,2.511,-0.215,-0.19
0.082,-0.097,-9.366,0.838,0.072,-0.314
0.071,0.05,-9.755,-1.293,0.503,-0.115
-0.006,-0.282,-10.085,0.564,0.264,-0.038
-0.038,-0.099,-9.735,0.472,0.301,-0.182
0.126,0.381,-9.601,-1.29,0.667,-0.081
0.164,0.079,-10.093,0.728,0.304,-0.053
-0.012,-0.127,-9.836,1.619,0.276,-0.097
0.065,0.099,-9.579,-0.247,0.676,-0.336
0.046,-0.03,-10.144,1.148,0.036,-0.283
0.106,-0.058,-9.906,1.259,-0.008,0.039
0.243,0.2,-9.627,-0.779,0.616,0.032
0.074,-0.015,-10.117,0.284,0.095,-0.203
-0.091,-0.22,-9.859,0.713,-0.01,-0.378
0.094,0.212,-9.571,-1.021,0.569,-0.225
0.195,0.1,-9.771,0.021,0.083,-0.142
-0.004,-0.293,-9.878,1.227,-0.22,-0.195
0.091,-0.007,-9.867,-1.1,0.045,-0.298
0.02,0.148,-9.739,-0.851,-0.012,-0.255
-0.046,-0.155,-9.592,1.529,-0.156,-0.028
0.07,-0.166,-9.698,0.709,-0.288,-0.073
0.034,-0.029,-9.784,-0.553,0.071,-0.097
0.142,-0.019,-9.939,-0.696,0.262,-0.127
0.153,-0.039,-9.861,-0.1,-0.099,-0.065
-0.014,-0.125,-9.794,0.187,-0.631,0.21
0.049,-0.117,-9.961,-0.298,-0.247,0.031
0.065,0.048,-9.854,-0.667,0.205,-0.307
-0.042,0.115,-9.91,-0.569,-0.097,-0.214
0.237,0.011,-10.013,-0.429,0.125,-0.042
0.11,-0.171,-9.65,0.764,-0.047,-0.214
-0.199,-0.294,-9.591,1.022,-0.654,-0.172
0.079,0.021,-10.144,-1.752,-0.446,-0.118
0.12,0.212,-10.058,-1.584,-0.175,-0.217
0.041,-0.06,-9.398,1.181,-0.192,-0.074
0.056,-0.276,-9.776,1.131,-0.275,0.142
-0.041,-0.181,-10.3,-0.764,-0.441,-0.015
0.03,0.113,-9.882,-1.752,-0.179,-0.175
0.075,0.199,-10.011,-0.398,-0.174,-0.154
0.053,-0.067,-9.903,1.765,-0.403,-0.074
0.176,-0.148,-9.436,0.43,0.011,-0.103
-0.044,0.145,-9.949,-1.234,0.009,-0.138
-0.182,0.105,-10.064,0.658,-0.547,-0.128
0.132,-0.157,-9.81,1.349,-0.14,-0.154
0.073,-0.084,-9.907,0.428,0.126,-0.196
0.016,0.081,-9.629,0.02,0.11,-0.17
0.086,0.179,-9.799,-0.792,0.436,-0.268
0.03,0.117,-9.871,0.146,-0.011,-0.28
0.063,-0.179,-9.514,1.669,-0.299,0.121
0,-0.061,-9.823,-0.703,0.089,0.012
-0.11,0.175,-10.01,-1.864,0.115,-0.364
-0.068,-0.101,-9.67,1.065,0.018,-0.177
0.072,-0.075,-9.713,0.553,0.352,0.05
0.087,-0.011,-9.829,-0.96,0.503,-0.232
0.054,-0.328,-9.748,0.129,0.249,-0.181
0.062,-0.083,-10.027,-1.466,0.302,0.103
0.112,0.205,-9.655,-2.205,0.516,-0.087
0.009,-0.1,-9.49,0.681,0.141,-0.104
-0.053,-0.292,-10,0.537,-0.257,-0.067
-0.019,0.009,-9.877,-1.815,0.168,-0.083
-0.039,0.185,-9.84,-1.577,0.312,-0.188
0.009,-0.169,-9.877,1.097,-0.122,-0.219
-0.031,-0.214,-9.609,0.726,-0.125,0.073
0.153,0.09,-9.566,-1.271,0.363,0.088
0.067,-0.043,-9.765,0.302,0.16,-0.057
-0.057,-0.128,-9.537,0.487,-0.101,-0.296
0.086,0.155,-9.68,-1.109,0.305,-0.317
-0.071,-0.022,-9.932,-0.039,0.079,-0.297
-0.03,-0.041,-9.825,-0.131,0.143,-0.244
0.014,0.158,-9.739,-0.541,0.553,-0.187
-0.134,-0.081,-10.006,0.763,0.184,-0.137
-0.052,0.022,-9.883,-0.629,0.343,-0.035
0.098,0.28,-9.426,-0.859,0.928,-0.199
-0.043,-0.02,-10.051,1.567,0.292,-0.154
0.019,-0.072,-10.006,0.816,0.371,-0.122
0.053,0.18,-9.774,-0.446,0.82,-0.157
-0.084,0.065,-10.035,1.201,0.438,-0.176
0.079,-0.085,-9.679,1.868,0.723,-0.129
0.016,-0.112,-9.706,0.614,0.47,-0.15
-0.051,0.256,-10.125,-2.02,0.139,-0.177
0.132,0.337,-9.941,-0.843,0.583,-0.052
-0.019,-0.325,-9.814,3.443,0.053,0.013
-0.134,-0.238,-9.765,0.208,-0.02,-0.263
0.153,0.346,-9.769,-2.932,0.576,-0.45
0.009,-0.198,-9.895,2.236,-0.228,-0.181
-0.141,-0.314,-9.731,1.445,-0.421,-0.212
0.039,0.18,-9.857,-2.511,0.322,-0.218
0.048,-0.183,-9.954,0.345,-0.376,-0.188
-0.046,-0.156,-9.938,0.612,-0.554,-0.005
-0.099,-0.147,-9.96,0.068,-0.275,0.075
0.06,-0.218,-9.78,-0.49,-0.452,-0.138
0.071,0.25,-9.761,-2.902,-0.211,0.196
-0.007,0.038,-9.598,-0.06,-0.416,0.236
-0.16,-0.583,-9.748,3.239,-0.766,-0.314
-0.048,-0.228,-9.735,-0.738,-0.083,-0.208
0.02,0.507,-9.632,-4.364,0.308,0.119
-0.041,0.228,-9.883,0.457,-0.132,-0.146
0.009,-0.376,-9.718,3.945,-0.115,-0.27
-0.121,-0.047,-10.144,-0.998,-0.065,-0.089
-0.147,0.358,-10.194,-2.48,0.054,0.02
-0.057,-0.029,-9.788,1.715,0.272,0.126
0.066,-0.13,-9.875,1.651,0.14,-0.129
-0.097,0.146,-9.792,-0.903,0.178,-0.218
-0.128,0.096,-10.118,-0.276,0.214,-0.168
0.041,0.02,-9.964,1.18,0.09,-0.312
-0.029,0.19,-9.628,0.219,0.15,-0.423
0.078,0.058,-9.814,0.969,0.101,-0.585
-0.013,-0.16,-9.78,1.499,-0.293,-0.077
-0.155,0.157,-10.094,-1.395,-0.312,0.187
0.052,0.047,-9.919,0.331,-0.046,-0.139
-0.005,-0.145,-9.266,1.792,-0.003,-0.269
-0.057,0.061,-10,-0.544,-0.381,-0.058
-0.178,-0.053,-10.034,0.675,-0.943,0.223
-0.141,0.089,-9.59,0.344,-0.378,-0.065
0.157,0.176,-9.755,-0.398,-0.012,-0.204
-0.106,-0.274,-9.524,2.213,-0.788,-0.171
-0.191,-0.291,-9.669,1.259,-0.736,-0.171
-0.017,0.128,-9.711,-1.67,-0.286,0.133
-0.091,0.06,-9.896,-0.672,-0.846,0.118
-0.034,-0.304,-9.483,1.574,-0.858,0.011
0,-0.038,-9.506,-0.6,-0.363,0.031
-0.135,-0.008,-10.179,-1.15,-0.282,-0.011
-0.105,-0.27,-9.652,0.636,-0.363,-0.147
0.046,0.042,-9.522,-1.584,-0.027,-0.042
-0.007,0.073,-9.81,-0.752,-0.064,0.155
-0.172,-0.214,-9.685,1.078,-0.474,0.175
-0.207,-0.111,-9.807,-1.181,-0.343,0.149
-0.209,0.028,-10.113,-1.389,-0.222,-0.116
-0.154,-0.004,-9.549,0.288,0.344,-0.209
0.106,-0.02,-9.738,0.155,-0.097,-0.045
-0.036,-0.182,-10.057,-0.106,-0.543,-0.356
-0.262,0.033,-9.931,-1.264,0.12,-0.287
-0.097,0.092,-10.534,-0.744,0.117,0.336
-0.085,-0.06,-9.718,1.15,0.33,0.095
0.003,0.167,-9.591,-0.351,0.707,-0.327
-0.082,0.035,-10.288,0.339,0.17,-0.417
-0.174,0.057,-9.56,1.015,0.242,-0.253
0.039,0.436,-9.564,-1.551,0.592,0.025
-0.157,0.01,-10.169,1.25,-0.271,0.09
-0.102,-0.298,-9.589,3.203,0.14,0.081
-0.024,0.157,-9.857,-0.601,0.557,-0.21
-0.179,0.203,-10.036,-0.686,-0.074,-0.48
-0.076,0.241,-9.571,0.676,0.277,-0.419
0.039,-0.035,-9.877,1.381,0.144,-0.197
-0.072,-0.461,-9.675,2.243,-0.349,-0.159
-0.153,0.173,-9.451,-1.916,-0.287,-0.485
0.009,0.493,-9.858,-3.419,-0.166,-0.334
-0.106,-0.379,-9.764,2.471,-0.708,-0.219
-0.176,-0.61,-9.161,2.679,-0.637,-0.302
-0.028,0.269,-9.66,-3.396,0.058,-0.049
-0.088,0.131,-10.278,-1.512,-0.492,0.004
-0.172,-0.568,-9.689,2.981,-0.496,-0.028
0.032,-0.116,-9.496,-0.306,0.212,-0.097
-0.02,0.142,-9.958,-1.716,-0.442,-0.276
-0.178,-0.343,-9.765,1.399,-0.819,-0.174
-0.155,-0.088,-9.54,-0.407,-0.072,-0.258
-0.108,0.298,-9.715,-2.521,0.027,-0.179
-0.097,-0.154,-9.849,0.757,-0.467,0.117
-0.196,-0.434,-9.83,1.084,-0.565,0.162
-0.249,0.018,-9.972,-1.953,-0.055,0.047
-0.092,0.09,-10.015,-0.871,0.486,-0.113
0.077,-0.135,-9.759,0.67,0.406,0.013
-0.05,0.061,-9.676,-1.372,0.263,-0.086
-0.167,0.066,-10.064,-1.083,0.423,-0.228
-0.134,-0.235,-10.344,0.915,0.164,-0.299
-0.092,-0.169,-9.937,0.082,0.085,-0.163
-0.002,0.149,-9.608,-1.176,0.464,-0.023
-0.096,0.008,-10.112,-0.16,0.245,-0.064
-0.303,0.018,-10.077,-0.238,0.092,-0.188
-0.171,0.139,-9.564,-0.944,0.519,-0.139
-0.197,-0.057,-10.031,0.742,0.067,0.026
-0.167,-0.098,-9.973,0.947,-0.165,-0.221
0.012,0.179,-9.918,-0.788,0.351,0.07
-0.119,0.192,-10.087,-0.446,0.206,-0.013
-0.075,0.137,-9.704,-0.427,-0.008,-0.241
-0.053,0.116,-9.731,0.547,0.087,-0.049
-0.068,-0.2,-9.717,1.91,0.073,-0.302
-0.105,0.155,-9.675,-1.675,0.213,-0.379
-0.139,0.363,-9.758,-1.473,0.321,-0.575
-0.016,-0.288,-9.468,2.982,0.008,-0.294
-0.104,-0.14,-9.408,0.091,0.047,-0.044
-0.205,0.19,-9.815,-2.098,0.034,-0.278
-0.123,-0.21,-9.518,1.29,-0.312,-0.346
0.046,-0.073,-9.361,-0.617,-0.089,-0.353
-0.106,0.099,-9.914,-1.774,-0.198,-0.277
-0.24,-0.261,-9.8,1.403,-0.362,-0.304
-0.044,-0.193,-9.813,-0.13,0.084,-0.083
-0.236,0.054,-9.778,-1.289,-0.093,0.264
-0.192,-0.035,-9.528,0.676,-0.482,0.086
0.045,-0.024,-10.27,0.28,-0.389,-0.289
-0.196,-0.024,-9.86,0.244,0.062,-0.238
-0.177,0.03,-9.442,-0.125,0.045,0.088
-0.122,0.077,-10.184,-0.352,-0.217,0.281
-0.013,0,-9.574,0.384,0.244,-0.086
-0.053,0.052,-9.567,-0.37,0.127,-0.114
-0.281,-0.116,-10.023,0.738,-0.076,0.187
-0.176,0.01,-10.196,-0.758,0.075,-0.2
-0.098,0.224,-10.235,-2.178,0.274,-0.297
-0.107,-0.099,-9.875,1.79,0.32,-0.004
-0.104,-0.146,-9.781,1.111,0.42,-0.024
-0.141,0.156,-9.827,-1.681,0.683,-0.192
-0.229,0.007,-9.9,1.049,0.173,-0.129
-0.101,-0.136,-9.62,1.962,0.092,0.198
0.012,0.124,-9.808,-0.668,0.39,0.005
-0.1,-0.114,-9.795,0.446,0.07,-0.385
-0.108,-0.174,-9.823,0.643,0.032,-0.197
-0.126,0.281,-10.046,-2.165,0.42,-0.051
-0.067,-0.007,-9.909,0.252,-0.044,0.016
-0.13,-0.492,-9.941,2.812,-0.724,-0.098
-0.08,0.122,-9.882,-1.994,-0.399,-0.119
-0.033,0.543,-10.048,-3.419,-0.305,-0.114
-0.255,-0.294,-9.982,2.664,-0.779,-0.148
-0.042,-0.455,-9.525,2.23,-0.484,-0.1
-0.06,0.08,-9.637,-1.85,-0.564,0.115
-0.278,-0.096,-9.728,-0.269,-0.966,0.077
-0.146,-0.079,-9.825,-0.37,-0.608,0.106
-0.057,0.126,-9.621,-1.502,-0.289,0.069
0.02,-0.191,-9.489,0.88,-0.621,-0.253
-0.205,-0.381,-9.89,0.931,-1.225,-0.122
-0.288,0.148,-9.574,-3.628,-0.127,-0.122
-0.076,0.364,-9.64,-2.52,0.53,0.358
-0.13,-0.388,-9.754,2.715,-0.282,0.534
-0.211,-0.342,-9.662,-0.211,-0.22,0.063
-0.208,0.152,-9.866,-2.408,0.11,-0.074
-0.206,0.121,-10.039,-0.075,0.157,-0.233
-0.187,0.237,-10.012,-0.812,0.486,-0.28
-0.091,0.029,-9.927,0.309,0.561,0.15
-0.075,-0.226,-9.881,1.128,0.465,0.041
-0.148,0.086,-10.148,-1.713,0.549,0.023
-0.172,0.293,-10.196,-1.555,0.767,-0.051
-0.148,0.148,-9.591,0.791,0.786,-0.107
0.017,0.045,-9.543,0.762,0.504,0.154
-0.086,0.235,-9.742,-1.187,0.433,-0.126
-0.357,0.267,-9.905,-0.024,0.31,-0.158
-0.126,-0.064,-9.977,2.433,0.606,0.008
-0.065,0.006,-9.649,0.492,0.789,-0.131
-0.165,0.242,-9.736,-0.519,0.377,-0.339
0.015,0.112,-9.757,0.972,0.195,-0.149
-0.2,0.082,-10.004,0.129,0.041,0.014
-0.25,-0.095,-9.865,0.481,0.087,0.092
-0.008,-0.223,-9.284,1.274,0.076,-0.265
-0.129,0.162,-9.859,-1.736,-0.084,-0.295
-0.089,0.047,-9.622,-1.112,0.045,0.167
-0.142,-0.284,-9.572,0.871,-0.047,0.066
-0.237,-0.14,-9.775,-0.18,0.005,-0.051
-0.027,0.034,-9.464,-0.4,0.328,0.01
-0.076,-0.217,-9.783,0.78,-0.132,-0.002
-0.218,-0.359,-9.859,0.787,-0.594,0.213
-0.135,0.093,-9.745,-1.434,0.157,0.218
-0.108,0.201,-9.876,-0.586,0.318,-0.081
-0.142,-0.095,-9.733,1.168,0.164,-0.1
-0.055,0.009,-9.651,-0.294,0.399,0.006
-0.218,-0.105,-10.166,0.184,0.134,0.103
-0.182,-0.184,-9.711,0.343,0.085,0.055
0.079,0.375,-9.643,-2.083,0.282,-0.041
-0.127,0.005,-10.104,0.428,-0.263,-0.062
-0.256,-0.215,-9.846,1.098,-0.268,0.004
-0.082,0.185,-10.095,-1.523,0.447,0.058
-0.046,0.003,-9.992,-0.265,0.444,0.368
-0.172,-0.039,-9.789,-0.146,0.417,0.285
-0.124,-0.088,-10.122,-0.3,0.056,-0.149
-0.233,-0.218,-10.397,0.187,-0.2,-0.09
-0.153,0.09,-9.99,-2.067,0.265,0.191
-0.019,0.258,-9.878,-1.033,0.457,-0.088
-0.205,-0.063,-9.998,1.381,0.141,-0.172
-0.239,0.008,-9.931,-0.323,-0.051,0.053
-0.124,0.148,-9.918,-0.797,0.502,0.067
-0.163,-0.162,-9.741,1.937,0.24,0.116
-0.109,-0.121,-9.646,0.995,-0.145,0.052
0.044,0.289,-9.682,-1.837,0.225,0.084
-0.158,0.108,-9.793,0.88,0.036,-0.025
-0.219,-0.087,-9.518,1.683,0.095,-0.172
-0.128,0.234,-9.89,-0.543,0.221,-0.288
-0.092,0.092,-9.803,0.467,0.228,-0.045
-0.084,0.03,-9.441,0.081,0.339,0.145
-0.051,0.048,-9.699,-0.184,0.101,-0.046
-0.17,-0.113,-9.63,0.535,-0.037,-0.024
-0.232,0.074,-9.625,-0.816,-0.207,0.04
-0.135,0.068,-9.675,-0.525,-0.087,0.002
-0.241,-0.043,-10.037,-0.843,-0.216,-0.04
-0.026,-0.16,-10.027,-0.712,-0.03,-0.102
-0.028,-0.358,-9.529,1.505,0.23,-0.198
-0.234,-0.047,-9.845,-1.613,-0.058,0.161
-0.092,0.086,-10.363,-3.139,-0.147,0.308
-0.164,-0.186,-9.715,0.739,-0.199,0.016
0.004,-0.019,-9.455,-0.49,0.301,-0.266
-0.024,-0.089,-9.844,-0.861,0.117,-0.113
-0.385,-0.087,-9.682,0.069,-0.371,-0.027
-0.099,0.312,-9.932,-1.605,0.12,-0.113
0.057,-0.076,-9.911,1.505,0.188,0.08
-0.241,-0.298,-9.408,2.302,-0.413,0.159
-0.024,0.423,-9.592,-1.841,0.197,0.016
0.015,0.436,-9.736,-0.387,0.483,-0.155
-0.265,-0.202,-9.945,2.912,-0.262,-0.148
-0.008,-0.063,-9.944,0.687,-0.184,-0.242
0.142,0.388,-9.864,-1.824,0.314,-0.153
0.158,0.164,-10.099,0.691,0.246,-0.174
0.459,-0.189,-9.468,2.403,0.429,-0.01
0.214,-0.01,-9.566,-0.425,0.201,0.146
-0.154,0.105,-10.401,-1.166,-0.497,-0.183
-0.044,-0.164,-9.99,1.294,0.188,-0.293
-0.051,-0.015,-9.603,0.239,0.672,0.126
0.009,0.133,-9.781,-0.835,0.253,0.107
