sep=;
ACCELEROMETER X (m/s²);ACCELEROMETER Y (m/s²);ACCELEROMETER Z (m/s²);GRAVITY X (m/s²);GRAVITY Y (m/s²);GRAVITY Z (m/s²);LINEAR ACCELERATION X (m/s²);LINEAR ACCELERATION Y (m/s²);LINEAR ACCELERATION Z (m/s²);GYROSCOPE X (rad/s);GYROSCOPE Y (rad/s);GYROSCOPE Z (rad/s);LIGHT (lux);MAGNETIC FIELD X (μT);MAGNETIC FIELD Y (μT);MAGNETIC FIELD Z (μT);ORIENTATION Z (azimuth °);ORIENTATION X (pitch °);ORIENTATION Y (roll °);PROXIMITY (m);ATMOSPHERIC PRESSURE (hPa);SOUND LEVEL (dB);LOCATION Latitude : ;LOCATION Longitude : ;LOCATION Altitude ( m);LOCATION Altitude-google ( m);LOCATION Altitude-atmospheric pressure ( m);LOCATION Speed ( Kmh);LOCATION Accuracy ( m);LOCATION ORIENTATION (°);Satellites in range;Time since start in ms ;YYYY-MO-DD HH-MI-SS_SSS
-0.2273;3.6227;10.1001;-0.1753;4.0968;8.9082;0.0496;0.3315;0.1853;-0.6304;1.1732;1.46;105.0;101.19;6.48;24.03;265.32;-30.99;0.79;8.0;1002.28;62.416;44.567577;-123.2747;55.74;NaN;;0.0;6.068;;12 / 21;16;2018-03-07 17:27:31:267
0.3757;4.5847;10.8132;-2.8259;3.2418;8.8134;2.3406;1.5144;2.5564;0.4771;-1.5721;-2.1172;294.0;124.57;2.09;31.28;272.04;-21.23;17.26;8.0;1002.15;62.416;44.567577;-123.2747;55.74;NaN;;0.0;6.068;;12 / 21;516;2018-03-07 17:27:31:767
0.6843;-0.9547;11.1673;0.3094;1.4784;9.6896;-1.6914;-1.6155;-0.1411;-0.5231;-1.0217;0.0691;1010.0;101.7;16.45;12.89;277.5;-8.67;-1.83;8.0;1002.23;62.416;44.567577;-123.2747;55.91;NaN;;5.08;6.068;27.0;12 / 21;1016;2018-03-07 17:27:32:267
-0.4905;1.7946;9.8824;0.033;2.0335;9.5934;0.1287;0.1538;-1.7441;0.0409;0.8085;0.1251;1031.0;103.25;57.98;-39.32;302.03;-9.34;1.21;8.0;1002.26;62.416;44.567577;-123.2747;55.91;NaN;;5.08;6.068;27.0;12 / 21;1515;2018-03-07 17:27:32:766
-0.3709;2.0339;9.7579;-0.3515;2.0226;9.5894;-0.0062;-0.0187;0.0474;0.0023;0.0015;-0.0016;1035.0;130.17;43.56;-66.08;293.89;-11.95;2.09;8.0;1002.28;62.416;44.567577;-123.2747;56.67;NaN;;0.0;6.068;;12 / 21;2015;2018-03-07 17:27:33:266
-0.3206;2.0267;9.7723;-0.337;2.0089;9.5928;0.0439;-0.0406;0.0152;0.0019;7.0E-4;-0.0014;1036.0;130.94;43.74;-65.86;293.68;-11.86;2.06;8.0;1002.26;62.416;44.567577;-123.2747;56.67;NaN;;0.0;6.068;;12 / 21;2515;2018-03-07 17:27:33:766
-0.3446;2.0315;9.7699;-0.3343;2.0068;9.5933;0.0192;-0.0129;-0.0075;0.0023;0.0023;-0.0014;1036.0;130.35;43.75;-66.39;294.35;-11.82;2.02;8.0;1002.26;62.416;44.567577;-123.2747;56.67;NaN;;0.0;6.068;;12 / 21;3015;2018-03-07 17:27:34:266
-0.3757;2.0291;9.7555;-0.3402;2.0042;9.5936;0.0022;0.0093;-0.0078;0.0021;0.0017;-8.0E-4;1034.0;129.19;44.03;-69.2;294.66;-11.78;2.0;8.0;1002.26;62.416;44.567577;-123.2747;56.67;NaN;;0.0;6.068;;12 / 21;3516;2018-03-07 17:27:34:767
-0.347;2.0172;9.7651;-0.3379;2.0041;9.5937;0.0206;-0.0082;0.0116;0.0016;9.0E-4;-0.002;1034.0;128.47;44.22;-71.05;295.0;-11.79;2.02;8.0;1002.24;62.416;44.567577;-123.2747;56.92;NaN;;0.0;6.068;;12 / 21;4016;2018-03-07 17:27:35:267
-0.3111;2.0267;9.7412;-0.3343;2.0042;9.5938;0.0502;-0.0097;0.0212;0.0021;0.0023;-0.0016;1034.0;128.73;44.33;-69.71;294.76;-11.79;2.05;8.0;1002.25;62.416;44.567577;-123.2747;56.92;NaN;;0.0;6.068;;12 / 21;4515;2018-03-07 17:27:35:766
-0.3589;2.0195;9.746;-0.3391;2.0061;9.5933;-0.0216;-0.0145;0.0041;0.0023;0.003;-0.0018;1032.0;126.79;45.53;-73.64;296.15;-11.81;1.98;8.0;1002.25;62.416;44.567577;-123.2747;56.92;NaN;;0.0;6.068;;12 / 21;5016;2018-03-07 17:27:36:267
-0.3278;2.0483;9.7531;-0.3401;2.0074;9.593;0.0136;0.0038;0.0037;0.0023;0.0023;-0.0018;1033.0;126.39;44.57;-74.29;295.43;-11.8;2.02;8.0;1002.26;62.416;44.567577;-123.2747;56.92;NaN;;0.0;6.068;;12 / 21;5516;2018-03-07 17:27:36:767
-0.3278;2.0315;9.7436;-0.3391;2.0084;9.5928;0.0172;-0.0089;-1.0E-4;0.0021;0.0034;-0.0018;1030.0;126.78;45.08;-73.14;295.72;-11.82;2.02;8.0;1002.25;62.416;44.567577;-123.2747;55.61;NaN;;0.0;6.068;;12 / 21;6016;2018-03-07 17:27:37:267
-0.3374;2.0267;9.7364;-0.3313;2.0047;9.5938;0.0125;-0.0071;0.0055;-3.0E-4;5.0E-4;4.0E-4;1031.0;126.56;45.0;-74.08;295.79;-11.8;2.0;8.0;1002.24;62.416;44.567577;-123.2747;55.61;NaN;;0.0;6.068;;12 / 21;6518;2018-03-07 17:27:37:769
-0.3422;2.0291;9.7292;-0.3286;2.0012;9.5947;-0.0056;-9.0E-4;-0.0067;1.0E-4;9.0E-4;4.0E-4;1029.0;126.62;44.93;-74.36;295.76;-11.77;1.96;8.0;1002.25;62.416;44.567577;-123.2747;55.72;NaN;;0.0;6.068;;12 / 21;7015;2018-03-07 17:27:38:266
-0.335;2.0267;9.7292;-0.3276;2.0002;9.5949;-0.0011;-0.0027;-0.0045;5.0E-4;7.0E-4;-4.0E-4;1029.0;126.58;44.96;-73.77;295.75;-11.77;1.95;8.0;1002.25;62.416;44.567577;-123.2747;55.72;NaN;;0.0;6.068;;12 / 21;7517;2018-03-07 17:27:38:768
-0.335;2.0291;9.722;-0.33;2.0013;9.5946;-0.006;0.0;0.0051;7.0E-4;9.0E-4;-6.0E-4;1027.0;127.37;45.46;-73.66;295.77;-11.78;1.97;8.0;1002.24;62.416;44.567577;-123.2747;55.85;NaN;;0.0;6.068;;12 / 21;8016;2018-03-07 17:27:39:267
-0.3254;2.0411;9.7149;-0.3254;2.0035;9.5943;0.0052;0.0039;2.0E-4;-3.0E-4;3.0E-4;-6.0E-4;1027.0;126.51;44.86;-73.13;295.68;-11.79;1.96;8.0;1002.25;62.416;44.567577;-123.2747;55.85;NaN;;0.0;6.068;;12 / 21;8515;2018-03-07 17:27:39:766
-0.3541;2.0267;9.7197;-0.329;2.0038;9.5941;-0.0264;-0.0046;-3.0E-4;7.0E-4;0.0011;-8.0E-4;1025.0;126.66;45.03;-74.15;295.77;-11.79;1.96;8.0;1002.25;62.416;44.567577;-123.2747;55.85;NaN;;0.0;6.068;;12 / 21;9015;2018-03-07 17:27:40:266
-0.3183;2.0267;9.7053;-0.33;2.0038;9.5941;-0.0055;-0.0027;0.0013;3.0E-4;-4.0E-4;-6.0E-4;1025.0;126.66;44.91;-73.44;295.68;-11.79;1.95;8.0;1002.25;62.416;44.567577;-123.2747;55.85;NaN;;0.0;6.068;;12 / 21;9515;2018-03-07 17:27:40:766
-0.3159;2.0148;9.7029;-0.3269;2.0035;9.5942;0.0129;-0.0146;-0.0055;3.0E-4;7.0E-4;-6.0E-4;1026.0;126.53;45.35;-73.75;296.14;-11.79;1.97;8.0;1002.25;62.416;44.567577;-123.2747;55.85;NaN;;0.0;6.068;;12 / 21;10016;2018-03-07 17:27:41:267
-0.3302;2.0387;9.7029;-0.3259;2.0039;9.5942;-2.0E-4;0.0077;-0.0136;-1.0E-4;5.0E-4;0.0;1023.0;127.17;45.08;-73.89;295.76;-11.78;1.95;8.0;1002.25;62.416;44.567577;-123.2747;55.85;NaN;;0.0;6.068;;12 / 21;10516;2018-03-07 17:27:41:767
-0.3063;2.0411;9.7101;-0.3304;2.0039;9.594;-0.0203;5.0E-4;-0.0119;-1.0E-4;-7.0E-4;2.0E-4;1024.0;126.81;44.8;-73.34;295.69;-11.79;1.97;8.0;1002.25;62.416;44.567577;-123.2747;55.85;NaN;;0.0;6.068;;12 / 21;11016;2018-03-07 17:27:42:267
-0.3111;2.0459;9.7125;-0.3215;2.0026;9.5946;0.0168;0.0089;-0.0102;-5.0E-4;-5.0E-4;-4.0E-4;1021.0;126.81;45.29;-74.11;295.76;-11.79;1.95;8.0;1002.25;62.416;44.567577;-123.2747;55.85;NaN;;0.0;6.068;;12 / 21;11515;2018-03-07 17:27:42:766
-0.3326;2.0195;9.7173;-0.3228;2.0025;9.5946;0.0046;-0.0103;0.0044;3.0E-4;3.0E-4;6.0E-4;1022.0;127.37;44.85;-73.35;295.67;-11.78;1.93;8.0;1002.25;62.416;44.567577;-123.2747;55.85;NaN;;0.0;6.068;;12 / 21;12016;2018-03-07 17:27:43:267
-0.3565;2.01;9.7149;-0.3248;2.0045;9.5941;-0.0142;-1.0E-4;-0.0031;-1.0E-4;1.0E-4;0.0;1020.0;127.27;44.92;-73.01;295.59;-11.78;1.92;8.0;1002.25;62.416;44.567577;-123.2747;55.85;NaN;;0.0;6.068;;12 / 21;12516;2018-03-07 17:27:43:767
-0.3159;2.0195;9.7101;-0.326;2.0047;9.594;0.0093;-0.0054;-6.0E-4;-5.0E-4;-4.0E-4;2.0E-4;1020.0;126.6;45.11;-72.63;295.68;-11.8;1.95;8.0;1002.24;62.416;44.567577;-123.2747;55.85;NaN;;0.0;6.068;;12 / 21;13015;2018-03-07 17:27:44:266
-0.3254;2.0339;9.7101;-0.3237;2.0045;9.5941;0.0101;-0.0042;-0.0036;1.0E-4;-1.0E-4;4.0E-4;1021.0;127.55;45.31;-72.5;295.51;-11.8;1.95;8.0;1002.25;62.416;44.567577;-123.2747;55.85;NaN;;0.0;6.068;;12 / 21;13515;2018-03-07 17:27:44:766
-0.3278;2.0243;9.6957;-0.323;2.0069;9.5937;7.0E-4;0.0035;-0.0084;-7.0E-4;-1.0E-4;2.0E-4;1019.0;126.99;45.23;-72.14;295.6;-11.81;1.93;8.0;1002.25;62.416;44.567577;-123.2747;55.85;NaN;;0.0;6.068;;12 / 21;14015;2018-03-07 17:27:45:266
-0.3422;2.0339;9.7005;-0.3237;2.0063;9.5938;-0.0114;0.0042;-0.0053;-5.0E-4;1.0E-4;2.0E-4;1019.0;126.06;45.03;-72.48;295.77;-11.8;1.92;8.0;1002.25;62.416;44.567577;-123.2747;55.85;NaN;;0.0;6.068;;12 / 21;14516;2018-03-07 17:27:45:767
-0.3326;2.0243;9.7101;-0.3249;2.0048;9.594;-0.0054;-0.0023;1.0E-4;-3.0E-4;1.0E-4;8.0E-4;1017.0;126.58;44.97;-72.77;295.68;-11.8;1.93;8.0;1002.25;62.416;44.567577;-123.2747;55.85;NaN;;0.0;6.068;;12 / 21;15015;2018-03-07 17:27:46:266
-0.3517;2.0363;9.7149;-0.3256;2.0081;9.5933;0.0065;0.0031;0.0032;5.0E-4;1.0E-4;-4.0E-4;1017.0;126.1;45.16;-72.33;295.79;-11.82;1.94;8.0;1002.25;62.416;44.567577;-123.2747;55.85;NaN;;0.0;6.068;;12 / 21;15516;2018-03-07 17:27:46:767
-0.3326;2.0243;9.7244;-0.3266;2.0057;9.5938;-0.0076;-0.0026;0.0059;-7.0E-4;-4.0E-4;2.0E-4;1017.0;125.83;44.86;-71.87;295.78;-11.8;1.94;8.0;1002.26;62.416;44.567577;-123.2747;55.85;NaN;;0.0;6.068;;12 / 21;16015;2018-03-07 17:27:47:266
-0.335;2.0363;9.7244;-0.3245;2.0044;9.5941;0.0078;0.004;0.0113;-1.0E-4;-1.0E-4;-4.0E-4;1016.0;126.6;45.98;-72.39;295.97;-11.79;1.95;8.0;1002.25;62.416;44.567577;-123.2747;55.85;NaN;;0.0;6.068;;12 / 21;16516;2018-03-07 17:27:47:767
-0.3422;2.0387;9.7197;-0.3237;2.0038;9.5943;-0.0049;0.0102;0.0036;-1.0E-4;3.0E-4;2.0E-4;1016.0;126.69;45.38;-71.15;295.59;-11.79;1.94;8.0;1002.25;62.416;44.567577;-123.2747;55.85;NaN;;0.0;6.068;;12 / 21;17015;2018-03-07 17:27:48:266
-0.323;2.0459;9.7077;-0.3238;2.0053;9.594;0.0056;0.0062;-0.0053;5.0E-4;-4.0E-4;2.0E-4;1014.0;126.49;45.34;-71.65;295.78;-11.79;1.94;8.0;1002.24;62.416;44.567577;-123.2747;55.85;NaN;;0.0;6.068;;12 / 21;17516;2018-03-07 17:27:48:767
-0.3422;2.0243;9.7173;-0.3246;2.0049;9.594;-0.0191;-0.0031;0.0033;-1.0E-4;3.0E-4;-2.0E-4;1014.0;125.91;45.54;-72.23;296.14;-11.8;1.94;8.0;1002.25;62.416;44.567577;-123.2747;55.85;NaN;;0.0;6.068;;12 / 21;18016;2018-03-07 17:27:49:267
-0.3326;2.0267;9.6957;-0.3257;2.004;9.5942;-0.014;0.0041;0.004;-3.0E-4;-7.0E-4;-6.0E-4;1012.0;126.13;44.62;-72.07;295.77;-11.79;1.93;8.0;1002.24;62.416;44.567577;-123.2747;55.85;NaN;;0.0;6.068;;12 / 21;18517;2018-03-07 17:27:49:768
-0.3159;2.0172;9.6981;-0.3233;2.0044;9.5942;0.009;-0.0047;-0.0075;-9.0E-4;-5.0E-4;8.0E-4;1012.0;126.8;45.3;-72.63;295.68;-11.8;1.95;8.0;1002.24;62.416;44.567577;-123.2747;55.85;NaN;;0.0;6.068;;12 / 21;19015;2018-03-07 17:27:50:266
-0.323;2.0435;9.7125;-0.3248;2.0065;9.5937;-0.0085;0.0079;0.0084;-1.0E-4;-4.0E-4;2.0E-4;1013.0;126.37;45.87;-72.33;295.96;-11.8;1.94;8.0;1002.24;62.416;44.567577;-123.2747;55.85;NaN;;0.0;6.068;;12 / 21;19517;2018-03-07 17:27:50:768
-0.3302;2.0267;9.7053;-0.3291;2.0053;9.5938;-0.0137;9.0E-4;0.0094;-7.0E-4;-0.0012;4.0E-4;1011.0;126.45;45.31;-71.36;295.7;-11.8;1.96;8.0;1002.24;62.416;44.567577;-123.2747;55.85;NaN;;0.0;6.068;;12 / 21;20015;2018-03-07 17:27:51:266
-0.3063;2.0315;9.7268;-0.3225;2.0056;9.5939;0.0155;0.0014;0.0057;3.0E-4;-4.0E-4;4.0E-4;1011.0;126.03;45.26;-72.08;295.78;-11.8;1.95;8.0;1002.25;62.416;44.567577;-123.2747;55.85;NaN;;0.0;6.068;;12 / 21;20516;2018-03-07 17:27:51:767
-0.3039;2.0267;9.7125;-0.3201;2.0056;9.594;0.0115;1.0E-4;0.0022;-9.0E-4;-4.0E-4;4.0E-4;1009.0;125.89;45.13;-72.14;295.78;-11.8;1.94;8.0;1002.25;62.416;44.567577;-123.2747;55.85;NaN;;0.0;6.068;;12 / 21;21015;2018-03-07 17:27:52:266
-0.3398;2.0363;9.7197;-0.3255;2.0056;9.5938;-0.0078;0.008;0.0066;1.0E-4;-5.0E-4;6.0E-4;1009.0;126.14;45.64;-72.29;296.15;-11.8;1.94;8.0;1002.26;62.416;44.567577;-123.2747;55.85;NaN;;0.0;6.068;;12 / 21;21516;2018-03-07 17:27:52:767
-0.3493;2.0363;9.7077;-0.3251;2.0076;9.5934;-0.0162;0.0156;-0.0068;-1.0E-4;-4.0E-4;2.0E-4;1009.0;126.29;45.49;-71.72;295.77;-11.79;1.93;8.0;1002.25;62.416;44.567577;-123.2747;55.85;NaN;;0.0;6.068;;12 / 21;22016;2018-03-07 17:27:53:267
-0.3374;2.0459;9.7268;-0.324;2.0045;9.5941;-0.0045;0.0082;0.0083;3.0E-4;-5.0E-4;-6.0E-4;1007.0;126.47;45.07;-72.24;295.77;-11.79;1.93;8.0;1002.25;62.416;44.567577;-123.2747;55.85;NaN;;0.0;6.068;;12 / 21;22515;2018-03-07 17:27:53:766
-0.3278;2.0267;9.7149;-0.3235;2.0052;9.594;0.0078;-0.006;0.0101;3.0E-4;1.0E-4;0.0;1007.0;126.92;45.17;-72.12;295.6;-11.8;1.93;8.0;1002.23;62.416;44.567577;-123.2747;55.85;NaN;;0.0;6.068;;12 / 21;23015;2018-03-07 17:27:54:266
-0.3159;2.0243;9.7244;-0.3215;2.0022;9.5947;-0.003;-0.0054;0.001;-0.0013;-7.0E-4;6.0E-4;1008.0;126.35;45.43;-71.89;296.14;-11.79;1.93;8.0;1002.25;62.416;44.567577;-123.2747;55.85;NaN;;0.0;6.068;;12 / 21;23515;2018-03-07 17:27:54:766
-0.3254;2.0243;9.7292;-0.3217;2.0049;9.5941;-0.0067;0.0022;3.0E-4;-1.0E-4;-1.0E-4;6.0E-4;1006.0;126.49;45.08;-72.03;295.77;-11.79;1.92;8.0;1002.25;62.416;44.567577;-123.2747;55.85;NaN;;0.0;6.068;;12 / 21;24015;2018-03-07 17:27:55:266
-0.3302;2.0411;9.7197;-0.3208;2.0046;9.5942;-4.0E-4;0.0041;0.005;-9.0E-4;-1.0E-4;6.0E-4;1006.0;126.74;45.64;-72.0;295.96;-11.8;1.92;8.0;1002.24;62.416;44.567577;-123.2747;55.85;NaN;;0.0;6.068;;12 / 21;24515;2018-03-07 17:27:55:766
-0.3159;2.0435;9.7125;-0.3222;2.0045;9.5942;-0.0103;-0.0015;0.0073;-3.0E-4;-7.0E-4;2.0E-4;1003.0;126.96;45.12;-72.07;295.59;-11.79;1.94;8.0;1002.24;62.416;44.567577;-123.2747;55.85;NaN;;0.0;6.068;;12 / 21;25016;2018-03-07 17:27:56:267
-0.3446;2.0387;9.7197;-0.3249;2.0036;9.5943;-0.0162;0.0102;0.008;-5.0E-4;-7.0E-4;-2.0E-4;1004.0;126.72;46.18;-71.52;295.96;-11.79;1.94;8.0;1002.24;62.416;44.567577;-123.2747;55.85;NaN;;0.0;6.068;;12 / 21;25515;2018-03-07 17:27:56:766
-0.335;2.0315;9.7316;-0.3235;2.0024;9.5946;-0.0097;0.0037;0.0116;-5.0E-4;-0.001;0.0;1004.0;126.83;45.57;-71.96;295.95;-11.78;1.93;8.0;1002.24;62.416;44.567577;-123.2747;55.85;NaN;;0.0;6.068;;12 / 21;26017;2018-03-07 17:27:57:268
-0.3206;2.0195;9.7077;-0.3229;2.0029;9.5945;-0.0063;0.0066;-3.0E-4;1.0E-4;5.0E-4;-2.0E-4;1002.0;126.54;45.05;-72.39;295.58;-11.78;1.92;8.0;1002.24;62.416;44.567577;-123.2747;55.85;NaN;;0.0;6.068;;12 / 21;26515;2018-03-07 17:27:57:766
-0.2919;2.0219;9.7244;-0.3223;2.0022;9.5947;0.0242;0.0041;-0.0191;-0.0017;0.0015;0.0;1002.0;126.33;45.8;-72.01;296.14;-11.77;1.95;8.0;1002.26;62.416;44.567577;-123.2747;55.85;NaN;;0.0;6.068;;12 / 21;27016;2018-03-07 17:27:58:267
-0.3302;2.0387;9.7125;-0.3224;2.0025;9.5946;0.01;0.0045;-0.0016;1.0E-4;7.0E-4;-4.0E-4;1000.0;122.95;44.16;-66.57;295.52;-11.78;1.94;8.0;1002.25;62.416;44.567577;-123.2747;55.85;NaN;;0.0;6.068;;12 / 21;27516;2018-03-07 17:27:58:767
-0.3374;2.0219;9.7244;-0.3254;2.0037;9.5943;-0.0117;-7.0E-4;0.0062;-1.0E-4;5.0E-4;4.0E-4;1001.0;124.8;45.2;-66.54;295.45;-11.79;1.94;8.0;1002.25;62.416;44.567577;-123.2747;55.85;NaN;;0.0;6.068;;12 / 21;28015;2018-03-07 17:27:59:266
-0.3398;2.0267;9.7149;-0.327;2.0032;9.5943;-0.0117;-8.0E-4;0.0061;-5.0E-4;-1.0E-4;4.0E-4;1001.0;124.94;45.47;-66.53;295.53;-11.78;1.93;8.0;1002.24;62.416;44.567577;-123.2747;55.85;NaN;;0.0;6.068;;12 / 21;28517;2018-03-07 17:27:59:768
-0.323;2.0339;9.7077;-0.3254;2.0015;9.5947;0.0033;0.0029;-0.0054;-7.0E-4;-5.0E-4;4.0E-4;999.0;124.85;45.17;-66.11;295.45;-11.77;1.95;8.0;1002.24;62.416;44.567577;-123.2747;55.85;NaN;;0.0;6.068;;12 / 21;29016;2018-03-07 17:28:00:267
-0.3302;2.0411;9.7173;-0.3253;2.0011;9.5948;0.0;0.0;0.0012;-3.0E-4;-5.0E-4;4.0E-4;999.0;125.12;45.57;-66.16;295.82;-11.78;1.95;8.0;1002.25;62.416;44.567577;-123.2747;55.85;NaN;;0.0;6.068;;12 / 21;29517;2018-03-07 17:28:00:768
-0.3398;2.0267;9.7125;-0.3261;2.0016;9.5947;-0.004;-2.0E-4;0.0026;3.0E-4;-1.0E-4;0.0;997.0;124.93;44.85;-66.48;295.45;-11.78;1.95;8.0;1002.24;62.416;44.567577;-123.2747;55.85;NaN;;0.0;6.068;;12 / 21;30017;2018-03-07 17:28:01:268
-0.323;2.0363;9.7077;-0.3264;2.003;9.5944;0.0011;0.0048;-0.0026;-1.0E-4;3.0E-4;4.0E-4;997.0;125.29;45.48;-66.9;295.53;-11.78;1.95;8.0;1002.26;62.416;44.567577;-123.2747;55.85;NaN;;0.0;6.068;;12 / 21;30516;2018-03-07 17:28:01:767
-0.3326;2.0267;9.7125;-0.3259;2.0033;9.5943;-0.0043;9.0E-4;-0.0054;-1.0E-4;-1.0E-4;0.0;998.0;124.83;45.66;-66.7;295.91;-11.79;1.95;8.0;1002.25;62.416;44.567577;-123.2747;55.85;NaN;;0.0;6.068;;12 / 21;31017;2018-03-07 17:28:02:268
-0.3326;2.0435;9.7101;-0.3271;2.0034;9.5943;-0.0031;0.0016;-0.0012;-5.0E-4;-4.0E-4;4.0E-4;995.0;125.17;45.32;-66.61;295.54;-11.79;1.95;8.0;1002.25;62.416;44.567577;-123.2747;55.85;NaN;;0.0;6.068;;12 / 21;31515;2018-03-07 17:28:02:766
-0.3278;2.0291;9.7244;-0.3277;2.0043;9.5941;0.0016;-0.0018;-0.0015;-1.0E-4;-4.0E-4;2.0E-4;996.0;125.5;44.94;-66.51;295.36;-11.79;1.96;8.0;1002.24;62.416;44.567577;-123.2747;55.85;NaN;;0.0;6.068;;12 / 21;32015;2018-03-07 17:28:03:266
-0.3374;2.0267;9.7101;-0.3274;2.0037;9.5942;0.002;-0.0027;-0.0025;-1.0E-4;1.0E-4;-2.0E-4;993.0;124.89;45.96;-66.55;295.91;-11.79;1.96;8.0;1002.25;62.416;44.567577;-123.2747;55.85;NaN;;0.0;6.068;;12 / 21;32516;2018-03-07 17:28:03:767
-0.3206;2.0267;9.7101;-0.3268;2.0037;9.5942;-0.0065;0.0011;-5.0E-4;-5.0E-4;-1.0E-4;6.0E-4;994.0;124.61;45.25;-66.21;295.45;-11.79;1.95;8.0;1002.25;62.416;44.567577;-123.2747;55.85;NaN;;0.0;6.068;;12 / 21;33016;2018-03-07 17:28:04:267
-0.3278;2.0339;9.7077;-0.3273;2.0044;9.594;-0.01;0.009;0.0105;-7.0E-4;-5.0E-4;6.0E-4;994.0;125.32;44.64;-66.08;295.46;-11.79;1.95;8.0;1002.24;62.416;44.567577;-123.2747;55.85;NaN;;0.0;6.068;;12 / 21;33516;2018-03-07 17:28:04:767
-0.3159;2.0219;9.7029;-0.3283;2.0043;9.594;-0.0059;0.0;0.0049;5.0E-4;-1.0E-4;-2.0E-4;992.0;124.51;45.15;-65.99;295.46;-11.79;1.96;8.0;1002.25;62.416;44.567577;-123.2747;55.85;NaN;;0.0;6.068;;12 / 21;34017;2018-03-07 17:28:05:268
-0.3278;2.0339;9.7173;-0.3245;2.0042;9.5942;0.0015;-0.0022;-0.0016;-5.0E-4;-7.0E-4;6.0E-4;992.0;124.82;45.59;-66.32;295.83;-11.8;1.95;8.0;1002.24;62.416;44.567577;-123.2747;55.85;NaN;;0.0;6.068;;12 / 21;34515;2018-03-07 17:28:05:766
-0.3398;2.0315;9.722;-0.3258;2.0051;9.5939;-0.0116;0.0018;0.0062;1.0E-4;-4.0E-4;2.0E-4;993.0;125.56;45.23;-65.95;295.27;-11.79;1.94;8.0;1002.25;62.416;44.567577;-123.2747;55.85;NaN;;0.0;6.068;;12 / 21;35016;2018-03-07 17:28:06:267
-0.3326;2.0291;9.7101;-0.3259;2.0051;9.5939;-0.006;-0.002;0.0017;-1.0E-4;-7.0E-4;2.0E-4;990.0;125.22;44.87;-66.68;295.54;-11.8;1.94;8.0;1002.25;62.416;44.567577;-123.2747;55.85;NaN;;0.0;6.068;;12 / 21;35516;2018-03-07 17:28:06:767
-0.3254;2.0148;9.7125;-0.3239;2.0049;9.5941;0.0064;0.0038;0.0088;-1.0E-4;-1.0E-4;0.0;991.0;124.79;45.44;-66.84;295.54;-11.8;1.94;8.0;1002.26;62.416;44.567577;-123.2747;55.85;NaN;;0.0;6.068;;12 / 21;36015;2018-03-07 17:28:07:266
-0.3422;2.0291;9.7149;-0.325;2.0053;9.5939;-0.002;-0.0022;0.0048;-1.0E-4;-1.0E-4;2.0E-4;989.0;125.0;45.72;-65.98;295.83;-11.8;1.94;8.0;1002.25;62.416;44.567577;-123.2747;55.85;NaN;;0.0;6.068;;12 / 21;36517;2018-03-07 17:28:07:768
-0.3254;2.0459;9.7101;-0.3247;2.004;9.5942;-0.0016;0.009;-0.0034;1.0E-4;-4.0E-4;2.0E-4;989.0;124.67;44.71;-66.02;295.45;-11.79;1.94;8.0;1002.25;62.416;44.567577;-123.2747;55.85;NaN;;0.0;6.068;;12 / 21;37016;2018-03-07 17:28:08:267
-0.3446;1.8736;9.7005;-0.3262;1.9846;9.5982;-0.0121;-0.1241;-0.0072;-9.0E-4;-5.0E-4;8.0E-4;987.0;124.93;44.59;-66.52;295.52;-11.78;1.92;8.0;1002.25;62.416;44.567577;-123.2747;55.85;NaN;;0.0;6.068;;12 / 21;37515;2018-03-07 17:28:08:766
-0.4451;3.46;9.5426;-0.3325;2.0993;9.5735;-0.0699;1.1043;-0.0958;0.0082;-7.0E-4;2.0E-4;987.0;124.45;45.46;-66.02;295.77;-12.11;1.98;8.0;1002.26;62.416;44.567577;-123.2747;55.85;NaN;;0.0;6.068;;12 / 21;38017;2018-03-07 17:28:09:268
-1.3113;5.9103;8.7386;-0.3392;2.4631;9.4862;0.0714;1.8568;-0.0555;-0.0669;-0.0966;-0.0536;984.0;124.17;44.42;-66.76;296.43;-14.37;2.1;8.0;1002.23;62.416;44.567577;-123.2747;55.85;NaN;;0.0;6.068;;12 / 21;38516;2018-03-07 17:28:09:767
-0.3111;4.1874;9.3679;-0.2911;3.0382;9.3196;-0.0893;1.3057;-0.5319;0.0123;-0.0056;-0.0139;981.0;119.82;52.01;-59.99;300.03;-16.93;1.74;8.0;1002.18;62.416;44.567577;-123.2747;55.91;NaN;;1.76;6.068;0.0;12 / 21;39016;2018-03-07 17:28:10:267
-0.0574;4.1348;9.1837;-0.2314;3.1686;9.2778;0.2118;0.753;-0.3306;0.0025;-0.0189;-0.0185;974.0;120.45;51.86;-61.66;300.66;-18.67;1.54;8.0;1002.17;62.416;44.567577;-123.2747;55.91;NaN;;1.76;6.068;0.0;12 / 21;39517;2018-03-07 17:28:10:768
-0.0383;3.4265;9.2459;-0.1439;3.2503;9.2512;0.0939;0.0887;0.2911;0.0195;-0.0258;-0.0244;965.0;120.56;51.02;-60.83;299.88;-19.36;0.89;8.0;1002.19;62.416;44.567577;-123.2747;56.07;NaN;;9.94;6.068;0.5;12 / 21;40016;2018-03-07 17:28:11:267
-0.0191;3.405;8.863;-0.032;3.2979;9.2354;0.1659;-0.1459;-0.6171;0.0097;-0.0433;-0.0106;962.0;120.02;50.63;-59.75;299.86;-19.53;0.59;8.0;1002.19;62.416;44.567577;-123.2747;56.07;NaN;;9.94;6.068;0.5;12 / 21;40516;2018-03-07 17:28:11:767
-0.0479;3.1848;8.4802;0.0245;3.2634;9.2477;-0.1885;-0.0606;-1.0003;0.0019;-0.013;-0.0043;964.0;119.96;49.99;-55.29;298.57;-19.5;-0.13;8.0;1002.16;62.416;44.567577;-123.2747;55.9;NaN;;15.37;6.068;1.2;12 / 21;41016;2018-03-07 17:28:12:267
0.1268;2.3761;9.0377;0.0776;3.0883;9.3073;-0.1008;-0.5313;-0.0157;-0.0518;0.0013;0.0049;969.0;120.64;50.51;-55.1;298.43;-18.84;-0.45;8.0;1002.13;62.416;44.567577;-123.2747;55.9;NaN;;15.37;6.068;1.2;12 / 21;41517;2018-03-07 17:28:12:768
0.0885;3.5916;9.5498;0.1027;2.9979;9.3366;-0.0178;-0.2915;0.1421;0.0011;-0.005;0.014;971.0;119.48;51.38;-58.94;299.01;-17.9;-0.57;8.0;1002.15;62.416;44.567577;-123.2747;56.58;NaN;;19.22;6.068;1.0;12 / 21;42016;2018-03-07 17:28:13:267
-0.1555;2.589;9.9828;0.1265;2.561;9.4655;-0.284;-0.0561;0.4099;-0.1736;-0.017;0.0216;976.0;119.64;52.56;-60.89;299.26;-16.29;-0.63;8.0;1002.11;62.416;44.567577;-123.2747;56.58;NaN;;19.22;6.068;1.0;12 / 21;42517;2018-03-07 17:28:13:768
0.055;1.6223;10.0594;0.1513;2.3094;9.5297;-0.0639;-0.6822;0.5093;-0.0258;0.0082;0.0287;983.0;119.81;55.16;-58.4;298.87;-13.62;-0.91;8.0;1002.12;62.416;44.567577;-123.2747;56.09;NaN;;22.18;6.068;0.4;12 / 21;43016;2018-03-07 17:28:14:267
0.0502;1.2347;10.4949;0.1566;2.1007;9.5777;-0.0274;-0.7217;0.5862;-0.0058;-0.0042;0.0297;983.0;119.01;55.27;-58.28;298.96;-12.83;-0.86;8.0;1002.14;62.416;44.567577;-123.2747;56.09;NaN;;22.18;6.068;0.4;12 / 21;43516;2018-03-07 17:28:14:767
0.1819;1.6487;9.88;0.1913;2.2471;9.5438;-0.0976;-0.6274;0.3409;0.083;0.0084;-0.0132;969.0;118.95;55.09;-58.33;298.88;-13.25;-1.15;8.0;1002.16;62.416;44.567577;-123.2747;56.1;NaN;;24.48;6.068;358.6;12 / 21;44016;2018-03-07 17:28:15:267
0.2584;1.9621;9.9494;0.1465;2.3034;9.5312;-0.133;-0.6025;0.3109;0.0386;0.0182;-0.0031;941.0;118.65;54.08;-59.36;298.75;-13.56;-1.0;8.0;1002.16;62.416;44.567577;-123.2747;56.1;NaN;;24.48;6.068;358.6;12 / 21;44517;2018-03-07 17:28:15:768
-0.1579;1.8568;9.7962;0.0391;2.3039;9.5321;-0.1395;-0.5661;0.8178;0.0168;0.0117;0.0077;939.0;119.84;52.87;-60.68;298.66;-13.59;-0.23;8.0;1002.16;62.416;44.567577;-123.2747;55.54;NaN;;25.13;6.068;359.8;12 / 21;45015;2018-03-07 17:28:16:266
0.012;2.4479;9.4852;0.0287;2.4285;9.5012;0.1216;-0.0641;-0.1801;0.0258;-0.0065;0.0039;963.0;119.31;52.79;-59.98;299.0;-14.09;-0.05;8.0;1002.15;62.416;44.567577;-123.2747;55.54;NaN;;25.13;6.068;359.8;12 / 21;45516;2018-03-07 17:28:16:767
0.2728;1.9023;9.3703;0.0465;2.3982;9.5088;0.0692;-0.1378;-0.5486;-0.0251;0.0043;0.002;974.0;119.24;53.23;-59.16;298.86;-14.22;-0.26;8.0;1002.14;62.416;44.567577;-123.2747;56.18;NaN;;25.56;6.068;359.0;12 / 21;46015;2018-03-07 17:28:17:266
0.0024;1.6606;9.7914;-0.0261;2.2095;9.5545;-0.1402;-0.4067;-0.1894;-0.0127;0.0172;0.0028;980.0;119.45;53.96;-60.17;299.12;-13.2;0.02;8.0;1002.14;62.416;44.567577;-123.2747;56.18;NaN;;25.56;6.068;359.0;12 / 21;46517;2018-03-07 17:28:17:768
0.0407;1.2682;9.7268;-0.1172;2.0669;9.5856;-0.0464;-0.7157;0.0011;-0.0062;0.0058;0.012;981.0;120.19;54.0;-60.36;298.88;-12.31;0.62;8.0;1002.11;62.416;44.567577;-123.2747;56.36;NaN;;26.46;6.068;358.0;12 / 21;47016;2018-03-07 17:28:18:267
-0.7849;1.4979;9.8943;-0.3225;1.9518;9.605;-0.6634;-0.7594;-0.0041;-0.008;0.0168;0.0983;984.0;120.5;53.36;-61.11;298.64;-11.66;1.81;8.0;1002.12;62.416;44.567577;-123.2747;56.36;NaN;;26.46;6.068;358.0;12 / 21;47515;2018-03-07 17:28:18:766
-1.3161;1.2227;9.8369;-0.4402;1.8507;9.6204;-1.1067;-0.4769;0.1377;-0.0054;0.0267;0.1342;988.0;120.62;52.92;-61.14;298.68;-10.88;2.62;8.0;1002.13;62.416;44.567577;-123.2747;56.43;NaN;;26.28;6.068;356.3;12 / 21;48016;2018-03-07 17:28:19:267
-0.7729;1.9789;9.6407;-0.4693;1.8537;9.6184;-0.1671;-0.0929;-0.2242;0.0019;0.0119;0.0977;985.0;124.19;53.48;-64.02;298.38;-10.84;2.81;8.0;1002.13;62.416;44.567577;-123.2747;56.43;NaN;;26.28;6.068;356.3;12 / 21;48516;2018-03-07 17:28:19:767
-0.8542;2.0818;9.5641;-0.4927;1.8725;9.6136;-0.3914;0.2227;-0.0828;9.0E-4;0.0184;0.0833;986.0;125.65;52.63;-66.15;298.22;-10.95;2.88;8.0;1002.11;62.416;44.567577;-123.2747;56.76;NaN;;25.7;6.068;350.1;12 / 21;49016;2018-03-07 17:28:20:267
-0.5216;2.3833;9.667;-0.4284;1.9525;9.6008;0.2864;0.2866;-0.205;0.0095;-0.0077;0.0448;979.0;126.38;52.12;-72.3;298.41;-11.32;2.69;8.0;1002.1;62.416;44.567577;-123.2747;56.76;NaN;;25.7;6.068;350.1;12 / 21;49516;2018-03-07 17:28:20:767
-0.0742;2.2756;9.4134;-0.4081;2.0075;9.5903;-0.1235;0.2491;0.12;-0.0127;0.0135;0.0391;949.0;126.88;52.19;-73.57;298.48;-11.81;2.44;8.0;1002.09;62.416;44.567577;-123.2747;57.33;NaN;;27.58;6.068;346.4;12 / 21;50016;2018-03-07 17:28:21:267
-0.5551;1.8305;10.3466;-0.4472;1.9664;9.5971;6.0E-4;-0.0348;0.1238;-0.0105;0.0227;0.0399;808.0;127.57;51.91;-73.35;298.19;-11.67;2.53;8.0;1002.1;62.416;44.567577;-123.2747;57.33;NaN;;27.58;6.068;346.4;12 / 21;50516;2018-03-07 17:28:21:767
-0.6126;2.5651;9.3655;-0.4613;2.0622;9.5763;-0.082;0.3802;0.1836;0.0048;0.0049;0.0401;813.0;126.73;51.2;-73.83;298.41;-12.14;2.76;8.0;1002.06;62.416;44.567577;-123.2747;57.22;NaN;;29.05;6.068;344.4;12 / 21;51016;2018-03-07 17:28:22:267
-0.457;1.742;9.5545;-0.4953;2.0444;9.5784;-0.0851;-0.2461;0.39;-0.0123;0.0125;0.0423;830.0;127.89;51.52;-72.89;298.57;-12.18;2.92;8.0;1002.07;62.416;44.567577;-123.2747;57.22;NaN;;29.05;6.068;344.4;12 / 21;51517;2018-03-07 17:28:22:768
-0.7178;2.479;9.2363;-0.5933;2.0927;9.5624;-0.4069;0.2151;-0.0099;0.0021;0.0353;0.0672;668.0;127.58;51.07;-71.55;298.34;-12.21;3.37;8.0;1002.07;62.416;44.567577;-123.2747;57.67;NaN;;31.68;6.068;341.4;12 / 21;52015;2018-03-07 17:28:23:266
-1.4357;2.4311;10.2533;-0.8025;2.0895;9.5478;-0.6736;0.06;0.2379;0.0074;0.0304;0.081;651.0;128.71;51.63;-71.08;298.57;-12.34;3.97;8.0;1002.07;62.416;44.567577;-123.2747;57.67;NaN;;31.68;6.068;341.4;12 / 21;52516;2018-03-07 17:28:23:767
-1.4668;2.0267;9.6957;-0.8742;2.0952;9.5402;-0.3911;-0.3282;0.145;0.0025;0.0208;0.0981;908.0;129.09;50.68;-71.47;298.92;-12.35;5.18;8.0;1002.06;62.416;44.567577;-123.2747;57.66;NaN;;33.37;6.068;337.2;12 / 21;53015;2018-03-07 17:28:24:266
-1.1438;1.6056;9.5665;-0.9301;2.0896;9.5362;-0.3809;-0.3207;0.2805;-0.0058;0.0273;0.1008;651.0;129.69;50.02;-71.24;298.45;-12.28;5.4;8.0;1002.06;62.416;44.567577;-123.2747;57.66;NaN;;33.37;6.068;337.2;12 / 21;53517;2018-03-07 17:28:24:768
-1.4955;1.7779;9.8201;-0.9968;2.0335;9.5416;-0.3839;-0.3901;0.1076;-0.0205;0.0115;0.1169;829.0;131.64;50.35;-70.88;298.22;-12.07;5.93;8.0;1002.06;62.416;44.567577;-123.2747;58.09;NaN;;35.06;6.068;332.0;12 / 21;54016;2018-03-07 17:28:25:267
-0.9093;1.9693;9.3799;-0.9877;2.0632;9.5361;0.1064;-0.2645;-0.194;-0.007;0.0168;0.0861;984.0;131.11;49.05;-71.86;298.24;-12.12;6.09;8.0;1002.04;62.416;44.567577;-123.2747;58.09;NaN;;35.06;6.068;332.0;12 / 21;54515;2018-03-07 17:28:25:766
-0.8207;1.718;9.9781;-0.9715;2.0432;9.5421;-0.1118;-0.2276;-0.159;3.0E-4;0.0082;0.0839;987.0;131.52;49.23;-71.49;297.79;-12.03;5.81;8.0;1002.04;62.416;44.567577;-123.2747;57.73;NaN;;36.22;6.068;326.1;12 / 21;55016;2018-03-07 17:28:26:267
-1.1701;1.7468;9.5043;-0.9364;2.0579;9.5425;-0.1748;-0.1808;-0.2073;0.0087;0.006;0.0849;992.0;132.34;48.26;-71.67;297.49;-12.06;5.68;8.0;1002.04;62.416;44.567577;-123.2747;57.73;NaN;;36.22;6.068;326.1;12 / 21;55516;2018-03-07 17:28:26:767
-0.8758;1.876;9.8824;-0.9269;2.0723;9.5403;0.0121;-0.1368;-0.0701;-0.0166;0.0329;0.0802;990.0;132.01;47.57;-72.08;297.5;-12.2;5.55;8.0;1002.03;62.416;44.567577;-123.2747;57.27;NaN;;37.22;6.068;321.4;12 / 21;56015;2018-03-07 17:28:27:266
-1.4165;2.0124;10.148;-0.9914;2.0551;9.5375;-0.1357;-0.1187;0.4727;-0.0109;0.0161;0.0841;861.0;132.49;47.31;-71.3;297.19;-12.2;5.88;8.0;1002.02;62.416;44.567577;-123.2747;57.27;NaN;;37.22;6.068;321.4;12 / 21;56517;2018-03-07 17:28:27:768
-1.4788;1.7468;10.2533;-1.0233;2.0856;9.5275;-0.1702;-0.0901;0.2476;0.0025;0.0225;0.0841;704.0;132.82;46.55;-71.65;297.22;-12.24;6.08;8.0;1002.02;62.416;44.567577;-123.2747;57.27;NaN;;38.45;6.068;317.2;12 / 21;57016;2018-03-07 17:28:28:267
-1.2873;2.065;10.5308;-1.0133;2.1167;9.5217;-0.184;-0.2365;-0.0552;-0.0141;0.0204;0.0855;928.0;133.26;45.54;-72.35;296.95;-12.44;6.07;8.0;1002.01;62.416;44.567577;-123.2747;57.27;NaN;;38.45;6.068;317.2;12 / 21;57515;2018-03-07 17:28:28:766
-1.3208;1.943;9.856;-1.0509;2.0988;9.5216;-0.2008;-0.1146;-0.3998;-0.0099;0.0271;0.0855;699.0;134.03;45.1;-71.87;296.42;-12.29;6.22;8.0;1002.0;62.416;44.567577;-123.2747;57.4;NaN;;39.71;6.068;312.1;12 / 21;58016;2018-03-07 17:28:29:267
-0.6293;2.0028;9.5306;-1.0809;2.0546;9.5279;0.5192;-0.3839;-0.1511;-0.0017;0.0013;0.0712;936.0;134.2;44.81;-72.33;296.52;-12.16;6.61;8.0;1001.99;62.416;44.567577;-123.2747;57.4;NaN;;39.71;6.068;312.1;12 / 21;58517;2018-03-07 17:28:29:768
-0.8901;1.7109;10.6217;-1.0487;1.9905;9.5451;0.2423;-0.2725;-0.0232;-0.006;0.0245;0.0393;994.0;134.88;44.24;-71.84;295.71;-11.79;6.37;8.0;1001.99;62.416;44.567577;-123.2747;57.26;NaN;;40.64;6.068;307.4;12 / 21;59016;2018-03-07 17:28:30:267
-0.9547;1.7611;9.8177;-1.091;2.0081;9.5367;-0.0283;-0.2167;-0.2172;-0.0237;0.02;0.0535;995.0;135.27;44.14;-71.48;295.68;-11.9;6.41;8.0;1001.99;62.416;44.567577;-123.2747;57.26;NaN;;40.64;6.068;307.4;12 / 21;59516;2018-03-07 17:28:30:767
-1.0983;1.4692;9.7675;-1.1015;1.9745;9.5425;0.075;-0.2107;-0.11;-0.0048;0.0145;0.0529;996.0;135.02;43.65;-72.17;295.72;-11.64;6.57;8.0;1001.98;62.416;44.567577;-123.2747;57.45;NaN;;41.29;6.068;304.4;12 / 21;60016;2018-03-07 17:28:31:267
-0.8949;1.8688;9.8728;-1.0404;1.9825;9.5476;0.0417;-0.2643;0.1998;0.0103;-0.0124;0.046;994.0;135.2;43.21;-71.21;295.36;-11.68;6.52;8.0;1001.98;62.416;44.567577;-123.2747;57.45;NaN;;41.29;6.068;304.4;12 / 21;60517;2018-03-07 17:28:31:768
-0.6676;2.1081;9.7795;-0.9606;1.9731;9.558;0.2534;-0.1536;-0.0299;-0.007;-0.0046;0.0265;736.0;135.49;42.78;-71.97;295.02;-11.63;5.78;8.0;1001.97;62.416;44.567577;-123.2747;57.59;NaN;;41.83;6.068;301.6;12 / 21;61016;2018-03-07 17:28:32:267
-0.2895;1.7276;10.1001;-0.8569;1.9513;9.5723;0.4241;0.0166;-0.0406;-0.0113;9.0E-4;0.0085;918.0;136.24;41.96;-70.31;294.06;-11.59;5.21;8.0;1001.95;62.416;44.567577;-123.2747;57.59;NaN;;41.83;6.068;301.6;12 / 21;61516;2018-03-07 17:28:32:767
-0.8255;1.6558;9.6981;-0.8377;1.9681;9.5705;0.2395;-0.0926;-0.0214;0.0011;-0.0085;0.01;786.0;137.0;41.12;-68.89;293.36;-11.59;4.97;8.0;1001.94;62.416;44.567577;-123.2747;57.81;NaN;;42.73;6.068;300.4;12 / 21;62016;2018-03-07 17:28:33:267
-0.2967;1.8066;10.3442;-0.7722;1.9482;9.5801;0.4888;-0.0696;0.104;0.0023;-0.0091;-8.0E-4;913.0;136.42;42.67;-70.96;294.2;-11.46;4.61;8.0;1001.95;62.416;44.567577;-123.2747;57.81;NaN;;42.73;6.068;300.4;12 / 21;62516;2018-03-07 17:28:33:767
-0.2656;1.9454;9.4708;-0.657;1.9328;9.5918;0.3252;-0.03;0.1386;-0.006;0.0092;-0.0043;979.0;135.6;42.73;-71.53;294.0;-11.39;3.96;8.0;1001.94;62.416;44.567577;-123.2747;58.04;NaN;;43.42;6.068;299.4;12 / 21;63016;2018-03-07 17:28:34:267
-0.1125;1.6343;10.1934;-0.5414;1.9102;9.6036;0.7718;-0.0343;-0.2604;-0.0015;-0.0231;-0.0075;984.0;135.23;42.49;-72.12;293.44;-11.23;3.23;8.0;1001.93;62.416;44.567577;-123.2747;58.04;NaN;;43.42;6.068;299.4;12 / 21;63516;2018-03-07 17:28:34:767
0.2369;2.0052;9.2794;-0.4654;1.9112;9.6073;0.5179;-0.0487;0.1988;0.0107;-0.0056;-0.0206;986.0;134.92;42.8;-72.03;293.65;-11.19;2.89;8.0;1001.92;62.416;44.567577;-123.2747;58.06;NaN;;43.6;6.068;299.4;12 / 21;64017;2018-03-07 17:28:35:268
-0.1268;1.7204;10.1647;-0.4183;1.8625;9.6191;0.2347;-0.1767;0.4659;-0.0068;0.0049;-0.013;983.0;135.62;43.16;-71.58;293.26;-11.0;2.48;8.0;1001.9;62.416;44.567577;-123.2747;58.06;NaN;;43.6;6.068;299.4;12 / 21;64516;2018-03-07 17:28:35:767
-0.4355;1.1892;9.5761;-0.4354;1.845;9.6217;0.0292;-0.169;-0.3932;-0.0027;0.0188;-0.0012;979.0;136.09;42.54;-71.64;293.24;-10.93;2.5;8.0;1001.9;62.416;44.567577;-123.2747;58.48;NaN;;44.28;6.068;300.8;12 / 21;65016;2018-03-07 17:28:36:267
-0.5312;1.5506;10.1049;-0.4719;1.7728;9.6335;0.2445;-0.3424;-0.1518;-0.0056;0.0212;-0.0022;939.0;136.02;43.25;-71.5;293.12;-10.42;2.8;8.0;1001.89;62.416;44.567577;-123.2747;58.48;NaN;;44.28;6.068;300.8;12 / 21;65517;2018-03-07 17:28:36:768
-0.3159;0.9117;9.9039;-0.5;1.7116;9.6432;0.0632;-0.4102;0.2153;-1.0E-4;0.0096;0.0045;878.0;135.91;43.3;-71.1;293.02;-10.17;3.02;8.0;1001.89;62.416;44.567577;-123.2747;58.47;NaN;;44.03;6.068;301.8;12 / 21;66015;2018-03-07 17:28:37:266
-0.6485;0.9093;10.4351;-0.5194;1.6362;9.6552;-0.0718;-0.6015;0.4313;-0.0093;0.0051;0.0075;882.0;135.46;42.53;-72.02;293.01;-9.6;3.08;8.0;1001.9;62.416;44.567577;-123.2747;58.47;NaN;;44.03;6.068;301.8;12 / 21;66515;2018-03-07 17:28:37:766
-0.3446;1.5816;9.6311;-0.4477;1.6114;9.663;0.012;-0.1512;-0.3686;-0.0146;-0.017;0.0098;942.0;135.56;42.71;-72.05;292.65;-9.39;2.76;8.0;1001.87;62.416;44.567577;-123.2747;58.81;NaN;;43.27;6.068;301.4;12 / 21;67016;2018-03-07 17:28:38:267
-0.6987;1.675;9.7412;-0.4221;1.5454;9.6749;-0.1454;-0.0942;0.2674;-0.004;-0.0016;0.0059;939.0;134.51;42.53;-72.03;292.59;-9.1;2.53;8.0;1001.89;62.416;44.567577;-123.2747;58.81;NaN;;43.27;6.068;301.4;12 / 21;67515;2018-03-07 17:28:38:766
-0.3278;1.3017;10.3035;-0.4075;1.5211;9.6794;0.384;-0.3913;0.317;-0.0196;0.0041;0.0059;873.0;134.34;42.07;-73.6;292.43;-9.07;2.36;8.0;1001.9;62.416;44.567577;-123.2747;58.45;NaN;;42.01;6.068;300.4;12 / 21;68017;2018-03-07 17:28:39:268
-0.2058;0.7418;10.9448;-0.4173;1.466;9.6875;0.2235;-0.4237;0.3299;-0.0376;0.0058;0.01;851.0;135.41;42.67;-72.34;292.33;-8.6;2.47;8.0;1001.9;62.416;44.567577;-123.2747;58.45;NaN;;42.01;6.068;300.4;12 / 21;68516;2018-03-07 17:28:39:767
-0.1436;1.0792;9.9182;-0.4001;1.4267;9.6941;0.129;-0.5485;0.1096;-0.0506;0.0088;0.0051;883.0;135.54;42.62;-72.57;292.41;-9.04;2.34;8.0;1001.9;62.416;44.567577;-123.2747;58.77;NaN;;41.36;6.068;300.5;12 / 21;69015;2018-03-07 17:28:40:266
-0.2369;0.7083;10.1288;-0.3898;1.3225;9.7092;0.0709;-0.6345;-0.1154;0.0113;-0.0111;0.0016;914.0;135.45;42.5;-72.54;291.58;-7.75;2.3;8.0;1001.92;62.416;44.567577;-123.2747;58.77;NaN;;41.36;6.068;300.5;12 / 21;69516;2018-03-07 17:28:40:767
-0.2321;0.8853;10.3322;-0.3503;1.2228;9.7238;0.0381;-0.5772;-0.0899;-0.0017;-0.0048;0.0033;949.0;134.64;42.57;-72.8;291.65;-7.24;2.11;8.0;1001.92;62.416;44.567577;-123.2747;58.86;NaN;;38.74;6.068;300.6;12 / 21;70016;2018-03-07 17:28:41:267
-0.268;1.1246;10.3394;-0.3549;1.1448;9.7331;0.047;-0.415;0.5228;-0.0361;0.0088;-0.0022;963.0;133.49;42.81;-70.94;291.71;-7.02;2.03;8.0;1001.9;62.416;44.567577;-123.2747;58.86;NaN;;38.74;6.068;300.6;12 / 21;70517;2018-03-07 17:28:41:768
-0.0766;0.2656;9.8752;-0.4071;1.083;9.7382;-0.2179;-0.533;0.6899;-0.0107;0.0212;-0.0037;970.0;135.06;43.91;-72.54;291.71;-6.51;2.24;8.0;1001.92;62.416;44.567577;-123.2747;58.93;NaN;;35.21;6.068;301.0;12 / 21;71016;2018-03-07 17:28:42:267
-0.4714;0.9858;9.667;-0.4255;1.0534;9.7406;-0.0694;-0.3307;0.2059;0.0101;-0.0075;0.013;970.0;135.17;42.6;-72.35;291.21;-6.17;2.5;8.0;1001.92;62.416;44.567577;-123.2747;58.93;NaN;;35.21;6.068;301.0;12 / 21;71517;2018-03-07 17:28:42:768
-0.548;1.4453;6.9392;-0.406;1.5446;9.6757;0.0993;0.6936;-2.4329;0.0577;3.0E-4;0.0059;971.0;135.3;42.72;-72.65;291.58;-6.87;2.44;8.0;1001.91;62.416;44.567577;-123.2747;59.63;NaN;;31.68;6.068;300.0;12 / 21;72015;2018-03-07 17:28:43:266
-0.3996;0.926;9.5952;-0.3631;0.8291;9.7648;-0.2765;0.3402;-0.8733;-0.0962;0.0206;0.0037;966.0;135.4;42.43;-72.33;290.09;-4.85;2.13;8.0;1001.89;62.416;44.567577;-123.2747;59.63;NaN;;31.68;6.068;300.0;12 / 21;72515;2018-03-07 17:28:43:766
-0.2823;3.2949;9.3153;-0.3177;1.4847;9.6884;-0.1333;1.8595;-1.1486;0.0333;7.0E-4;-0.0114;963.0;135.29;42.12;-71.62;291.09;-7.16;1.8;8.0;1001.89;62.416;44.567577;-123.2747;60.61;NaN;;29.66;6.068;300.8;12 / 21;73015;2018-03-07 17:28:44:266
-0.0814;2.6776;9.6407;-0.3283;1.572;9.6743;-0.0376;1.1684;0.1084;0.0089;0.006;-0.0116;969.0;135.68;41.18;-71.74;291.56;-9.22;1.94;8.0;1001.87;62.416;44.567577;-123.2747;60.61;NaN;;29.66;6.068;300.8;12 / 21;73517;2018-03-07 17:28:44:768
0.0168;2.3617;9.3799;-0.3499;1.7452;9.6438;-0.1717;0.7888;-0.2873;0.0066;-0.0109;-0.012;971.0;135.4;41.61;-71.55;292.47;-10.05;2.02;8.0;1001.83;62.416;44.567577;-123.2747;60.96;NaN;;30.78;6.068;300.7;12 / 21;74016;2018-03-07 17:28:45:267
-0.7011;2.6824;9.6455;-0.4055;2.0038;9.5912;-0.2176;0.6422;0.0104;0.0117;0.0025;0.0018;970.0;136.28;42.06;-72.17;292.89;-11.19;2.22;8.0;1001.82;62.416;44.567577;-123.2747;60.96;NaN;;30.78;6.068;300.7;12 / 21;74515;2018-03-07 17:28:45:766
-0.3996;2.4024;9.466;-0.3942;2.1261;9.5653;-0.1107;0.3564;-0.261;0.0097;-0.0107;0.0037;964.0;135.47;41.79;-71.73;293.62;-12.37;2.42;8.0;1001.79;62.416;44.567577;-123.2747;61.08;NaN;;33.37;6.068;301.3;12 / 21;75017;2018-03-07 17:28:46:268
-0.4116;1.9334;10.1145;-0.3785;2.1929;9.5508;-0.204;-0.2938;0.0191;-0.0089;-0.0158;0.0116;930.0;135.77;42.11;-71.92;293.64;-12.92;2.27;8.0;1001.77;62.416;44.567577;-123.2747;61.08;NaN;;33.37;6.068;301.3;12 / 21;75515;2018-03-07 17:28:46:766
-0.3541;2.3497;8.9563;-0.3539;2.1838;9.5539;-0.0894;0.2733;-0.8287;0.0054;0.0017;0.0057;958.0;136.21;40.93;-72.39;293.15;-12.75;2.12;8.0;1001.74;62.416;44.567577;-123.2747;62.09;NaN;;35.32;6.068;300.9;12 / 21;76016;2018-03-07 17:28:47:267
-0.7418;2.2421;10.2389;-0.4008;2.139;9.5621;0.0011;0.0344;0.0942;-5.0E-4;0.0174;0.0039;963.0;136.24;41.61;-71.79;293.55;-12.6;2.4;8.0;1001.73;62.416;44.567577;-123.2747;62.09;NaN;;35.32;6.068;300.9;12 / 21;76517;2018-03-07 17:28:47:768
-0.7585;1.7444;9.5976;-0.4789;2.0945;9.5684;-0.3123;-0.2884;0.2993;0.0101;0.0013;0.0071;966.0;135.21;41.7;-72.27;293.78;-12.33;2.87;8.0;1001.7;62.416;44.567577;-123.2747;62.34;NaN;;36.07;6.068;301.0;12 / 21;77015;2018-03-07 17:28:48:266
-0.3637;2.053;9.5904;-0.4574;2.0086;9.5878;0.1641;-0.1787;-4.0E-4;-0.0251;-0.0095;0.0049;966.0;136.14;42.09;-71.65;293.44;-11.96;2.8;8.0;1001.68;62.416;44.567577;-123.2747;62.34;NaN;;36.07;6.068;301.0;12 / 21;77515;2018-03-07 17:28:48:766
-0.2943;1.8903;9.6144;-0.439;1.9356;9.6037;0.0697;-0.0225;0.251;-0.0221;-0.0065;-0.0065;963.0;136.3;42.26;-72.02;293.2;-11.54;2.66;8.0;1001.65;62.416;44.567577;-123.2747;62.31;NaN;;36.61;6.068;300.6;12 / 21;78016;2018-03-07 17:28:49:267
-0.067;1.7803;8.9324;-0.3766;1.9189;9.6097;0.2674;2.0E-4;-0.4054;0.0103;-0.0244;-0.0163;957.0;136.08;42.45;-72.05;292.93;-11.28;2.24;8.0;1001.65;62.416;44.567577;-123.2747;62.31;NaN;;36.61;6.068;300.6;12 / 21;78517;2018-03-07 17:28:49:768
-0.2704;1.5816;9.7244;-0.3134;1.8025;9.6345;0.3725;-0.368;-0.1219;-0.018;0.0015;-0.0308;961.0;136.35;42.4;-72.01;292.68;-11.01;1.88;8.0;1001.64;62.416;44.567577;-123.2747;62.32;NaN;;36.72;6.068;301.4;12 / 21;79015;2018-03-07 17:28:50:266
-0.0072;1.2108;9.8465;-0.283;1.6953;9.6549;0.1594;-0.4274;0.2929;-0.0017;-0.0229;-0.0297;962.0;135.66;42.94;-73.07;292.73;-10.28;1.88;8.0;1001.64;62.416;44.567577;-123.2747;62.32;NaN;;36.72;6.068;301.4;12 / 21;79516;2018-03-07 17:28:50:767
0.1053;0.7394;9.6622;-0.1878;1.5767;9.6772;0.2363;-0.6914;0.207;-0.0129;-0.0164;-0.0281;960.0;135.64;43.48;-73.02;292.25;-9.53;1.24;8.0;1001.64;62.416;44.567577;-123.2747;62.43;NaN;;36.5;6.068;302.9;12 / 21;80016;2018-03-07 17:28:51:267
0.1914;0.6413;10.0786;-0.0591;1.2633;9.7248;0.1386;-0.7967;0.3097;-0.0076;-0.0114;-0.0279;950.0;135.89;43.72;-72.38;291.47;-7.61;0.44;8.0;1001.64;62.416;44.567577;-123.2747;62.43;NaN;;36.5;6.068;302.9;12 / 21;80515;2018-03-07 17:28:51:766
0.0742;0.4116;9.7005;0.0238;1.1509;9.7389;0.0135;-0.7041;0.0653;-0.0062;0.0084;-0.0489;952.0;134.68;44.27;-72.86;291.2;-6.91;-0.13;8.0;1001.65;62.416;44.567577;-123.2747;62.51;NaN;;34.42;6.068;304.6;12 / 21;81016;2018-03-07 17:28:52:267
-0.2273;0.8901;6.25;-0.0351;1.4701;9.6958;-0.2069;-0.2439;-3.4135;0.0133;-0.0077;-0.0444;954.0;135.11;44.68;-72.31;291.3;-6.48;-0.26;8.0;1001.64;62.416;44.567577;-123.2747;62.51;NaN;;34.42;6.068;304.6;12 / 21;81517;2018-03-07 17:28:52:768
-0.2967;0.9356;12.146;0.072;0.6667;9.7837;-0.0925;0.4834;0.7159;-0.0795;-0.0146;-0.0421;946.0;135.93;44.2;-69.89;290.09;-4.91;-0.13;8.0;1001.66;62.416;44.567577;-123.2747;62.46;NaN;;30.53;6.068;307.5;12 / 21;82015;2018-03-07 17:28:53:266
0.1675;2.4359;9.3105;0.076;1.2348;9.7283;-0.1419;1.4797;-0.9424;0.1661;-0.0016;-0.0477;946.0;135.85;45.12;-70.18;291.33;-7.23;-0.45;8.0;1001.66;62.416;44.567577;-123.2747;62.46;NaN;;30.53;6.068;307.5;12 / 21;82516;2018-03-07 17:28:53:767
-0.5551;2.0004;10.215;0.0141;1.252;9.7264;-0.362;0.7566;0.03;0.0298;-0.0142;-0.0183;949.0;135.08;46.14;-72.39;291.91;-7.0;-0.16;8.0;1001.66;62.416;44.567577;-123.2747;62.18;NaN;;29.3;6.068;310.2;12 / 21;83017;2018-03-07 17:28:54:268
-0.0814;2.412;9.6957;0.0371;1.4425;9.6999;-0.083;1.1073;-0.3791;0.0036;0.0037;-0.0173;949.0;134.09;45.41;-72.16;292.28;-8.46;-0.22;8.0;1001.66;62.416;44.567577;-123.2747;62.18;NaN;;29.3;6.068;310.2;12 / 21;83516;2018-03-07 17:28:54:767
-0.1938;2.1799;9.5809;-0.0225;1.6037;9.6746;-0.081;0.6771;-0.3238;-0.005;-5.0E-4;-0.0169;948.0;134.47;45.55;-71.81;293.07;-9.29;0.06;8.0;1001.67;62.416;44.567577;-123.2747;61.9;NaN;;31.54;6.068;311.1;12 / 21;84016;2018-03-07 17:28:55:267
-0.4546;2.3426;9.7005;-0.0982;1.6945;9.6587;-0.1783;0.6767;0.2303;0.0115;0.0111;-0.0147;947.0;133.89;45.93;-70.75;293.24;-9.58;0.39;8.0;1001.66;62.416;44.567577;-123.2747;61.9;NaN;;31.54;6.068;311.1;12 / 21;84517;2018-03-07 17:28:55:768
-0.2225;2.1703;9.9733;-0.0952;1.7934;9.6408;-0.1094;0.4303;-0.0161;0.0058;-0.0246;-0.0265;947.0;134.54;46.57;-70.65;293.87;-10.46;0.64;8.0;1001.66;62.416;44.567577;-123.2747;62.03;NaN;;34.49;6.068;312.3;12 / 21;85016;2018-03-07 17:28:56:267
0.2177;2.1918;9.8441;-0.0414;1.946;9.6115;0.0986;0.2683;0.1274;0.0162;-0.0036;-0.0458;947.0;133.77;45.89;-72.13;293.79;-11.17;0.43;8.0;1001.64;62.416;44.567577;-123.2747;62.03;NaN;;34.49;6.068;312.3;12 / 21;85517;2018-03-07 17:28:56:768
0.3206;2.1775;9.1789;0.002;1.9775;9.6052;0.1599;0.0395;-0.1532;-0.0017;-0.0156;-0.0574;945.0;133.42;45.69;-71.9;294.11;-11.58;-0.01;8.0;1001.64;62.416;44.567577;-123.2747;62.2;NaN;;36.9;6.068;314.1;12 / 21;86016;2018-03-07 17:28:57:267
0.122;2.1129;9.6766;0.0427;2.01;9.5983;0.2127;0.1559;0.0719;0.0015;-0.0177;-0.0523;943.0;132.98;46.38;-71.47;294.04;-11.83;-0.25;8.0;1001.65;62.416;44.567577;-123.2747;62.2;NaN;;36.9;6.068;314.1;12 / 21;86517;2018-03-07 17:28:57:768
0.2249;2.199;9.5928;0.007;1.9986;9.6008;-0.0597;0.0497;0.0239;0.0036;-5.0E-4;-0.0442;944.0;132.81;47.28;-70.95;294.39;-11.73;-0.15;8.0;1001.66;62.416;44.567577;-123.2747;62.23;NaN;;38.66;6.068;317.1;12 / 21;87015;2018-03-07 17:28:58:266
-0.4498;1.8425;9.7819;-0.0184;2.0743;9.5848;-0.3482;-0.2511;0.2864;0.0089;-0.0081;-0.0285;944.0;133.27;47.42;-71.52;294.74;-12.21;0.11;8.0;1001.64;62.416;44.567577;-123.2747;62.23;NaN;;38.66;6.068;317.1;12 / 21;87516;2018-03-07 17:28:58:767
-0.1986;1.8975;9.6622;0.011;2.0536;9.5892;0.1866;-0.2342;0.1435;0.0074;0.0045;-0.0305;942.0;133.1;47.39;-71.92;294.64;-12.11;-0.06;8.0;1001.62;62.416;44.567577;-123.2747;62.15;NaN;;40.25;6.068;319.6;12 / 21;88017;2018-03-07 17:28:59:268
-0.3159;1.5529;10.5356;-0.0544;2.0508;9.5897;-0.2446;-0.4879;0.2324;-0.003;0.0129;-0.033;942.0;133.46;47.28;-71.59;294.77;-12.19;0.22;8.0;1001.63;62.416;44.567577;-123.2747;62.15;NaN;;40.25;6.068;319.6;12 / 21;88517;2018-03-07 17:28:59:768
-0.0359;1.0409;10.2987;-0.0753;1.9749;9.6054;-0.0414;-0.7538;0.3632;9.0E-4;1.0E-4;-0.0277;939.0;133.66;47.99;-72.81;294.95;-11.78;0.42;8.0;1001.63;62.416;44.567577;-123.2747;61.82;NaN;;40.86;6.068;321.4;12 / 21;89015;2018-03-07 17:29:00:266
-0.2034;1.0241;10.2748;-0.0702;1.852;9.6299;0.1177;-1.1176;-0.032;-0.0052;-0.0038;-0.0238;940.0;132.82;47.62;-72.66;294.65;-11.37;0.53;8.0;1001.63;62.416;44.567577;-123.2747;61.82;NaN;;40.86;6.068;321.4;12 / 21;89516;2018-03-07 17:29:00:767
-0.2153;0.6556;9.9805;-0.0137;1.693;9.6594;-0.0307;-1.1248;-0.0707;0.0021;-0.0209;-0.02;939.0;133.56;47.73;-73.17;294.2;-10.11;0.16;8.0;1001.62;62.416;44.567577;-123.2747;61.66;NaN;;39.28;6.068;323.0;12 / 21;90015;2018-03-07 17:29:01:266
-0.3493;0.3589;10.5571;0.0077;1.4967;9.6918;-0.1825;-1.4956;0.5748;0.0064;0.0029;-0.0171;934.0;132.51;48.33;-72.79;293.76;-8.78;-0.05;8.0;1001.63;62.416;44.567577;-123.2747;61.66;NaN;;39.28;6.068;323.0;12 / 21;90516;2018-03-07 17:29:01:767
0.5192;0.6126;9.3296;0.0156;1.4475;9.6992;-0.1691;-1.2102;2.3131;0.1561;0.0133;-0.0163;930.0;133.23;48.33;-72.35;293.5;-8.24;0.01;8.0;1001.63;62.416;44.567577;-123.2747;61.89;NaN;;35.1;6.068;324.4;12 / 21;91015;2018-03-07 17:29:02:266
-0.3278;0.5791;9.0975;0.0968;1.1818;9.7347;-0.0556;-0.3139;-0.9332;-0.1416;0.0058;-0.0271;930.0;132.03;47.12;-73.22;293.61;-9.12;-0.3;8.0;1001.6;62.416;44.567577;-123.2747;61.89;NaN;;35.1;6.068;324.4;12 / 21;91517;2018-03-07 17:29:02:768
-0.3039;1.8233;9.4445;0.1603;1.2872;9.7205;-0.1739;0.7087;0.0678;0.2508;-0.0071;-0.0582;928.0;131.58;48.77;-72.88;292.87;-6.07;-1.0;8.0;1001.61;62.416;44.567577;-123.2747;62.04;NaN;;30.38;6.068;325.8;12 / 21;92016;2018-03-07 17:29:03:267
0.0239;2.4598;9.5474;0.1735;1.5483;9.6821;-0.0453;0.7804;-0.248;-0.0158;-0.0075;-0.0523;929.0;131.47;47.74;-71.83;293.82;-9.08;-1.03;8.0;1001.59;62.416;44.567577;-123.2747;62.04;NaN;;30.38;6.068;325.8;12 / 21;92517;2018-03-07 17:29:03:768
-0.1125;2.3019;10.148;0.1471;1.8203;9.6351;-0.2202;0.6139;-0.0823;-3.0E-4;-0.016;-0.0322;929.0;130.41;48.14;-72.31;294.61;-10.58;-0.87;8.0;1001.58;62.416;44.567577;-123.2747;61.9;NaN;;30.31;6.068;328.5;12 / 21;93015;2018-03-07 17:29:04:266
-0.3493;2.9193;9.7077;0.1439;1.8884;9.622;-0.1913;0.7216;-0.3948;0.0042;5.0E-4;-0.0377;925.0;130.33;48.64;-72.44;295.16;-11.1;-0.86;8.0;1001.54;62.416;44.567577;-123.2747;61.9;NaN;;30.31;6.068;328.5;12 / 21;93517;2018-03-07 17:29:04:768
-0.0933;2.7039;9.801;0.0721;2.0361;9.5927;-0.1555;0.595;0.0896;0.0192;-0.006;-0.0381;926.0;131.06;48.89;-72.25;295.44;-11.41;-0.6;8.0;1001.54;62.416;44.567577;-123.2747;62.26;NaN;;32.72;6.068;330.8;12 / 21;94015;2018-03-07 17:29:05:266
-0.0455;2.8187;9.3488;0.0136;2.24;9.5474;0.0389;0.197;-0.1518;-0.0023;-0.003;-0.0399;926.0;130.19;48.87;-70.37;296.05;-13.19;-0.12;8.0;1001.52;62.416;44.567577;-123.2747;62.26;NaN;;32.72;6.068;330.8;12 / 21;94516;2018-03-07 17:29:05:767
-0.0838;2.4024;10.0307;0.0065;2.279;9.5382;0.1474;0.0881;0.1384;5.0E-4;-0.0062;-0.0385;926.0;128.49;49.12;-66.19;296.15;-13.3;-0.03;8.0;1001.49;62.416;44.567577;-123.2747;62.3;NaN;;35.03;6.068;332.5;12 / 21;95016;2018-03-07 17:29:06:267
-0.2656;2.3761;9.9948;-0.0572;2.2863;9.5362;-0.1844;0.1231;-0.0524;0.0058;0.0082;-0.0312;926.0;127.09;48.57;-64.6;296.45;-13.48;0.34;8.0;1001.48;62.416;44.567577;-123.2747;62.3;NaN;;35.03;6.068;332.5;12 / 21;95517;2018-03-07 17:29:06:768
-0.335;2.1344;9.8106;-0.0696;2.3013;9.5326;-0.171;0.0503;-0.3211;0.0054;-0.0225;-0.0257;916.0;126.07;49.96;-61.61;296.78;-13.52;0.45;8.0;1001.46;62.416;44.567577;-123.2747;62.76;NaN;;37.62;6.068;335.0;12 / 21;96015;2018-03-07 17:29:07:266
-0.0598;2.1009;9.4277;-0.024;2.2579;9.5432;-0.0458;-0.1772;-0.2698;0.0044;-0.0144;-0.0299;915.0;126.29;49.74;-61.34;296.54;-13.35;0.19;8.0;1001.45;62.416;44.567577;-123.2747;62.76;NaN;;37.62;6.068;335.0;12 / 21;96516;2018-03-07 17:29:07:767
0.0335;1.9836;9.387;-0.0156;2.2115;9.554;-0.0783;-0.4379;0.2813;0.0082;-0.005;-0.031;915.0;126.21;50.37;-60.31;296.34;-13.08;0.1;8.0;1001.43;62.416;44.567577;-123.2747;63.06;NaN;;39.28;6.068;336.7;12 / 21;97015;2018-03-07 17:29:08:266
-0.2967;1.7228;9.6311;-0.0301;2.174;9.5626;-0.1833;-0.2801;0.2272;-0.007;-0.0128;-0.0318;912.0;125.48;49.47;-60.8;296.2;-12.92;0.11;8.0;1001.41;62.416;44.567577;-123.2747;63.06;NaN;;39.28;6.068;336.7;12 / 21;97515;2018-03-07 17:29:08:766
0.2489;1.7372;9.6144;0.0102;2.1298;9.5726;0.2672;-0.3942;0.1055;-0.0137;-0.0085;-0.0365;919.0;125.59;50.18;-60.36;296.25;-12.79;0.09;8.0;1001.41;62.416;44.567577;-123.2747;63.36;NaN;;40.0;6.068;338.8;12 / 21;98016;2018-03-07 17:29:09:267
0.0072;1.9406;10.081;0.0414;2.0876;9.5818;0.0474;-0.2944;0.5277;0.0327;-0.0236;-0.047;914.0;125.19;50.72;-61.05;296.59;-12.29;-0.25;8.0;1001.39;62.416;44.567577;-123.2747;63.36;NaN;;40.0;6.068;338.8;12 / 21;98517;2018-03-07 17:29:09:768
-0.2106;1.809;10.1599;0.0841;2.0856;9.5819;-0.0134;-0.1367;-0.7698;0.0048;-0.0065;-0.0297;908.0;124.25;50.38;-61.78;296.39;-12.29;-0.52;8.0;1001.38;62.416;44.567577;-123.2747;63.5;NaN;;40.07;6.068;340.9;12 / 21;99016;2018-03-07 17:29:10:267
0.1412;1.9286;9.6957;0.022;2.0962;9.58;-0.1643;-0.2317;0.2074;0.0402;-0.0213;-0.0251;914.0;124.93;51.76;-62.95;297.09;-12.06;-0.06;8.0;1001.37;62.416;44.567577;-123.2747;63.5;NaN;;40.07;6.068;340.9;12 / 21;99516;2018-03-07 17:29:10:767
0.2489;1.809;9.7699;0.071;2.0489;9.59;0.1314;-0.3714;0.2713;0.0111;-1.0E-4;-0.0287;916.0;126.09;51.73;-64.54;297.0;-12.3;-0.42;8.0;1001.35;62.416;44.567577;-123.2747;63.7;NaN;;40.46;6.068;342.9;12 / 21;100015;2018-03-07 17:29:11:266
-0.1364;1.73;10.5164;0.0215;2.0503;9.5899;-0.0426;-0.4058;0.2567;0.0101;-0.0156;-0.0242;910.0;126.0;51.15;-64.29;296.63;-12.13;-0.13;8.0;1001.35;62.416;44.567577;-123.2747;63.7;NaN;;40.46;6.068;342.9;12 / 21;100515;2018-03-07 17:29:11:766
0.6102;1.7468;10.2437;0.0674;2.0214;9.5958;0.4697;-0.36;0.2452;0.0103;0.0035;-0.0363;906.0;125.52;50.83;-64.92;296.65;-12.03;-0.2;8.0;1001.32;62.416;44.567577;-123.2747;64.29;NaN;;40.57;6.068;344.7;12 / 21;101016;2018-03-07 17:29:12:267
0.2441;1.6774;10.3179;0.1156;2.0816;9.5825;-0.1585;-0.095;-0.1832;0.0021;-0.0394;-0.0299;908.0;125.24;51.18;-64.96;296.72;-12.26;-0.69;8.0;1001.3;62.416;44.567577;-123.2747;64.29;NaN;;40.57;6.068;344.7;12 / 21;101515;2018-03-07 17:29:12:766
0.256;1.9406;9.2291;0.1885;2.1038;9.5765;0.1197;-0.1131;-0.5142;0.0131;-0.0146;-0.0417;905.0;125.19;51.19;-64.15;296.63;-12.38;-1.05;8.0;1001.28;62.416;44.567577;-123.2747;64.5;NaN;;40.21;6.068;346.5;12 / 21;102015;2018-03-07 17:29:13:266
-0.8782;1.8329;10.8347;0.2566;2.046;9.5874;-0.8269;-0.2642;0.7534;-0.0319;-0.0345;-0.0458;900.0;124.5;51.16;-65.06;296.66;-12.28;-1.37;8.0;1001.26;62.416;44.567577;-123.2747;64.5;NaN;;40.21;6.068;346.5;12 / 21;102516;2018-03-07 17:29:13:767
0.2106;1.7228;10.1695;0.3619;1.9885;9.5961;0.6254;0.0252;0.4619;0.0276;0.0184;-0.0587;900.0;123.8;51.11;-65.23;296.17;-11.65;-2.18;8.0;1001.23;62.416;44.567577;-123.2747;65.27;NaN;;40.25;6.068;349.0;12 / 21;103015;2018-03-07 17:29:14:266
1.0433;2.1559;8.7912;0.3379;2.1339;9.5657;-0.3759;0.1081;-0.7876;-0.0498;-0.0571;-0.0454;898.0;124.31;50.28;-63.05;296.01;-12.57;-2.02;8.0;1001.2;62.416;44.567577;-123.2747;65.27;NaN;;40.25;6.068;349.0;12 / 21;103515;2018-03-07 17:29:14:766
1.0026;1.9406;8.8941;0.5452;2.11;9.5614;0.1653;-0.0876;-0.3482;-0.0249;-0.0134;-0.0772;892.0;124.01;49.64;-61.63;295.54;-12.49;-3.1;8.0;1001.19;62.416;44.567577;-123.2747;65.81;NaN;;39.96;6.068;352.1;12 / 21;104015;2018-03-07 17:29:15:266
0.8495;2.1751;10.1049;0.5356;2.0643;9.572;0.0693;-0.16;0.3784;0.0107;0.0023;-0.078;892.0;122.23;51.71;-65.27;296.62;-12.09;-3.35;8.0;1001.17;62.416;44.567577;-123.2747;65.81;NaN;;39.96;6.068;352.1;12 / 21;104516;2018-03-07 17:29:15:767
0.7322;2.0722;9.0568;0.5682;2.0843;9.5657;0.0634;-0.131;-0.9649;-0.029;-0.0317;-0.0615;888.0;122.12;52.3;-64.62;296.72;-12.19;-3.16;8.0;1001.13;62.416;44.567577;-123.2747;66.61;NaN;;39.42;6.068;356.4;12 / 21;105015;2018-03-07 17:29:16:266
1.4812;1.998;9.2746;0.5989;2.005;9.5808;0.0661;-0.2931;1.5324;0.0152;0.0127;-0.0601;890.0;120.91;52.64;-65.29;296.92;-11.71;-3.73;8.0;1001.12;62.416;44.567577;-123.2747;66.61;NaN;;39.42;6.068;356.4;12 / 21;105516;2018-03-07 17:29:16:767
0.4522;0.859;10.6217;0.5194;1.9075;9.6053;-0.348;-0.4074;0.6707;0.0549;-0.0297;-0.0521;887.0;121.25;51.57;-64.93;296.69;-11.42;-3.11;8.0;1001.1;62.416;44.567577;-123.2747;66.91;NaN;;38.7;6.068;0.3;12 / 21;106016;2018-03-07 17:29:17:267
0.3709;1.9119;9.4947;0.5549;2.0077;9.5829;0.0638;-0.1011;0.3931;-0.0107;-0.002;-0.0515;884.0;120.18;50.79;-65.04;296.57;-11.81;-3.31;8.0;1001.07;62.416;44.567577;-123.2747;66.91;NaN;;38.7;6.068;0.3;12 / 21;106516;2018-03-07 17:29:17:767
-0.2704;2.0961;9.5306;0.477;2.0533;9.5774;-0.4407;-0.0904;-0.071;0.0052;0.0178;-0.0403;883.0;120.76;51.78;-64.9;296.91;-12.08;-3.06;8.0;1001.05;62.416;44.567577;-123.2747;67.15;NaN;;37.98;6.068;3.3;12 / 21;107016;2018-03-07 17:29:18:267
0.0239;1.8592;9.7077;0.4428;2.0033;9.5896;-0.2687;-0.1882;-0.3636;0.0068;-0.0065;-0.0334;883.0;120.32;50.61;-65.34;296.8;-11.79;-2.64;8.0;1001.06;62.416;44.567577;-123.2747;67.15;NaN;;37.98;6.068;3.3;12 / 21;107516;2018-03-07 17:29:18:767
-0.3565;2.1105;10.3705;0.3583;1.9971;9.5945;-0.3392;-0.091;0.4422;-0.0115;0.0025;-0.0145;881.0;120.09;50.92;-64.63;296.98;-11.91;-2.23;8.0;1001.01;62.416;44.567577;-123.2747;67.32;NaN;;37.37;6.068;5.6;12 / 21;108015;2018-03-07 17:29:19:266
-0.3517;1.663;10.0666;0.2829;1.9382;9.609;-0.4203;-0.4624;-0.2964;-0.0408;0.0025;0.001;880.0;120.22;50.62;-64.38;297.02;-11.73;-1.79;8.0;1000.99;62.416;44.567577;-123.2747;67.32;NaN;;37.37;6.068;5.6;12 / 21;108516;2018-03-07 17:29:19:767
-0.615;1.6678;10.5284;0.2064;1.8442;9.6295;-0.4117;-0.5885;0.6361;0.0034;-0.0016;-0.0018;882.0;120.27;51.14;-65.41;296.99;-11.02;-1.43;8.0;1000.98;62.416;44.567577;-123.2747;67.78;NaN;;36.94;6.068;6.5;12 / 21;109016;2018-03-07 17:29:20:267
-0.1579;0.9715;9.7962;0.1833;1.7653;9.6447;-0.3254;-0.2817;0.239;0.0231;0.0039;0.001;880.0;120.2;51.52;-65.39;297.25;-10.37;-1.09;8.0;1000.99;62.416;44.567577;-123.2747;67.78;NaN;;36.94;6.068;6.5;12 / 21;109515;2018-03-07 17:29:20:766
-0.4762;1.0504;10.0164;0.0958;1.6698;9.663;-0.4958;-0.9181;0.0598;-0.0013;-0.0301;0.0057;883.0;120.31;51.04;-65.87;297.0;-10.0;-0.57;8.0;1000.95;62.416;44.567577;-123.2747;68.59;NaN;;34.88;6.068;6.5;12 / 21;110015;2018-03-07 17:29:21:266
-0.8495;0.2919;14.857;0.1435;1.6444;9.6667;-0.2284;-0.6222;3.2255;0.1469;-0.0739;0.0108;877.0;120.38;50.03;-63.97;296.31;-9.31;-0.41;8.0;1000.95;62.416;44.567577;-123.2747;68.59;NaN;;34.88;6.068;6.5;12 / 21;110516;2018-03-07 17:29:21:767
-1.1844;1.1749;9.478;-0.0375;1.5151;9.6888;-0.2886;-0.4272;-0.6698;-0.2449;0.0241;0.0098;884.0;120.37;48.3;-65.11;296.2;-10.51;-0.01;8.0;1000.93;62.416;44.567577;-123.2747;69.27;NaN;;31.39;6.068;6.5;12 / 21;111017;2018-03-07 17:29:22:268
-0.347;1.529;8.8726;-0.1507;1.4437;9.6986;-0.4647;0.452;-0.298;0.1577;0.0076;0.0399;885.0;120.07;51.98;-62.62;296.3;-6.48;0.69;8.0;1000.93;62.416;44.567577;-123.2747;69.27;NaN;;31.39;6.068;6.5;12 / 21;111515;2018-03-07 17:29:22:766
-0.8423;2.01;10.0451;-0.2323;1.6205;9.669;-0.5445;0.717;-0.1721;-0.1001;-0.0142;0.0515;882.0;120.78;50.52;-65.22;297.59;-10.59;1.16;8.0;1000.87;62.416;44.567577;-123.2747;69.34;NaN;;29.09;6.068;5.3;12 / 21;112016;2018-03-07 17:29:23:267
-0.5456;2.6441;9.7268;-0.291;1.8919;9.618;-0.5278;0.9023;-0.0868;-0.0237;0.0223;0.0503;883.0;120.26;50.03;-66.03;297.91;-11.12;1.73;8.0;1000.85;62.416;44.567577;-123.2747;69.34;NaN;;29.09;6.068;5.3;12 / 21;112517;2018-03-07 17:29:23:768
-0.7992;2.5771;8.8917;-0.3946;1.9799;9.5966;-0.562;0.7867;-0.6133;0.0194;0.0129;0.0484;882.0;120.74;50.76;-66.24;298.38;-11.35;2.26;8.0;1000.82;62.416;44.567577;-123.2747;69.95;NaN;;31.07;6.068;2.6;12 / 21;113015;2018-03-07 17:29:24:266
-0.4451;2.5914;9.7938;-0.4169;2.0432;9.5824;-0.3804;0.6613;0.2221;-0.0123;5.0E-4;0.0501;866.0;122.23;50.78;-65.6;298.5;-11.95;2.47;8.0;1000.81;62.416;44.567577;-123.2747;69.95;NaN;;31.07;6.068;2.6;12 / 21;113516;2018-03-07 17:29:24:767
-0.7657;2.467;9.4493;-0.4702;2.1509;9.5563;-0.3528;0.436;0.1255;0.0011;0.0072;0.0541;816.0;122.55;50.19;-66.11;298.48;-12.56;2.74;8.0;1000.79;62.416;44.567577;-123.2747;70.43;NaN;;33.41;6.068;359.8;12 / 21;114015;2018-03-07 17:29:25:266
-0.725;2.0483;10.483;-0.5014;2.177;9.5488;-0.3757;0.2628;0.1124;0.0093;0.0029;0.055;847.0;122.84;50.78;-66.26;298.83;-12.71;3.04;8.0;1000.77;62.416;44.567577;-123.2747;70.43;NaN;;33.41;6.068;359.8;12 / 21;114516;2018-03-07 17:29:25:767
-0.792;2.1727;10.0858;-0.4706;2.1999;9.5451;-0.1872;0.144;0.6679;-0.0135;-0.0142;0.037;838.0;122.62;50.53;-65.89;298.85;-12.97;2.85;8.0;1000.72;62.416;44.567577;-123.2747;70.6;NaN;;35.28;6.068;357.0;12 / 21;115017;2018-03-07 17:29:26:268
-0.4666;2.2181;9.4349;-0.4821;2.284;9.5248;-0.0944;0.1131;0.0977;-0.0034;0.0127;0.0275;820.0;123.04;49.99;-65.83;298.73;-13.56;2.88;8.0;1000.72;62.416;44.567577;-123.2747;70.6;NaN;;35.28;6.068;357.0;12 / 21;115516;2018-03-07 17:29:26:767
-0.5384;1.864;10.1216;-0.4793;2.3392;9.5115;0.0335;0.1675;0.0518;0.0188;0.0076;0.0167;859.0;123.51;49.91;-66.36;298.54;-13.6;2.86;8.0;1000.69;62.416;44.567577;-123.2747;70.57;NaN;;36.76;6.068;355.2;12 / 21;116016;2018-03-07 17:29:27:267
-0.213;2.3163;9.9565;-0.4297;2.378;9.5043;0.2929;-0.0382;0.1823;-0.0097;-0.0093;0.0138;794.0;123.52;49.71;-66.58;298.74;-14.07;2.71;8.0;1000.66;62.416;44.567577;-123.2747;70.57;NaN;;36.76;6.068;355.2;12 / 21;116516;2018-03-07 17:29:27:767
-0.213;2.5579;9.4373;-0.4169;2.4045;9.4982;0.1438;3.0E-4;-0.2974;-0.006;-0.0014;0.0047;851.0;123.09;49.21;-66.41;298.46;-14.22;2.52;8.0;1000.6;62.416;44.567577;-123.2747;70.91;NaN;;38.45;6.068;354.1;12 / 21;117016;2018-03-07 17:29:28:267
0.0885;2.5627;9.32;-0.4061;2.4211;9.4944;0.1459;0.0715;-0.2052;-0.005;0.0168;0.0018;851.0;123.05;49.24;-66.79;298.53;-14.3;2.4;8.0;1000.57;62.416;44.567577;-123.2747;70.91;NaN;;38.45;6.068;354.1;12 / 21;117515;2018-03-07 17:29:28:766
-0.481;1.9095;9.9159;-0.4295;2.4299;9.4911;0.0717;-0.0145;-0.0809;0.0066;0.0013;0.0057;798.0;124.68;49.49;-66.11;298.14;-14.33;2.58;8.0;1000.52;62.416;44.567577;-123.2747;71.38;NaN;;39.02;6.068;353.8;12 / 21;118015;2018-03-07 17:29:29:266
-0.6796;2.2756;9.4684;-0.4293;2.3926;9.5006;0.0259;-0.2579;0.1719;0.0115;-0.0024;0.009;854.0;123.84;49.5;-66.24;298.62;-14.17;2.56;8.0;1000.51;62.416;44.567577;-123.2747;71.38;NaN;;39.02;6.068;353.8;12 / 21;118516;2018-03-07 17:29:29:767
-0.4834;2.3569;9.6814;-0.4798;2.3994;9.4965;-0.0271;-0.2222;-0.0639;0.007;0.0113;0.0047;841.0;124.26;48.78;-66.61;298.43;-14.21;2.68;8.0;1000.44;62.416;44.567577;-123.2747;71.74;NaN;;39.06;6.068;353.4;12 / 21;119016;2018-03-07 17:29:30:267
-0.2704;1.3831;10.0188;-0.4783;2.3341;9.5128;0.1328;-0.9027;0.393;-0.0178;-0.0038;0.0148;835.0;124.37;49.22;-66.66;298.49;-14.04;2.97;8.0;1000.41;62.416;44.567577;-123.2747;71.74;NaN;;39.06;6.068;353.4;12 / 21;119516;2018-03-07 17:29:30:767
-0.3661;2.5077;10.1432;-0.4342;2.2627;9.5322;0.2002;-0.4493;0.1363;-0.003;0.0039;0.0024;839.0;123.94;49.18;-67.12;298.14;-13.5;2.65;8.0;1000.37;62.416;44.567577;-123.2747;72.64;NaN;;38.74;6.068;352.8;12 / 21;120015;2018-03-07 17:29:31:266
-0.6939;2.4167;10.3561;-0.4079;2.2833;9.5284;-0.0342;0.0307;0.4787;-0.0082;-0.0038;0.0012;829.0;123.69;49.04;-67.58;298.17;-13.5;2.49;8.0;1000.34;62.416;44.567577;-123.2747;72.64;NaN;;38.74;6.068;352.8;12 / 21;120516;2018-03-07 17:29:31:767
0.1914;3.5581;10.1097;-0.3466;2.2981;9.5273;0.2556;0.4038;-0.6806;7.0E-4;-0.004;-2.0E-4;871.0;122.88;47.98;-66.16;297.66;-13.48;2.15;8.0;1000.27;62.416;44.567577;-123.2747;73.34;NaN;;37.76;6.068;353.2;12 / 21;121015;2018-03-07 17:29:32:266
-0.1507;4.0774;9.0209;-0.2947;2.4434;9.4928;0.3063;0.4427;-1.1068;-0.0237;-0.013;-0.0035;884.0;123.04;48.43;-66.29;297.77;-14.03;1.93;8.0;1000.23;62.416;44.567577;-123.2747;73.34;NaN;;37.76;6.068;353.2;12 / 21;121517;2018-03-07 17:29:32:768
-0.0622;2.3186;9.88;-0.2184;2.3575;9.5166;0.1681;-0.3091;0.3764;-0.0038;-0.0032;-0.0041;883.0;123.2;48.74;-66.38;297.93;-14.04;1.46;8.0;1000.18;62.416;44.567577;-123.2747;74.15;NaN;;37.87;6.068;353.0;12 / 21;122015;2018-03-07 17:29:33:266
0.4522;2.3115;9.2794;-0.2193;2.2902;9.533;0.3234;-0.3673;0.3721;-0.0178;0.0047;-0.0033;883.0;123.57;49.26;-66.29;297.55;-13.7;1.3;8.0;1000.15;62.416;44.567577;-123.2747;74.15;NaN;;37.87;6.068;353.0;12 / 21;122515;2018-03-07 17:29:33:766
-0.3422;1.7515;9.8943;-0.2371;2.2157;9.5501;0.0424;-0.8798;-0.1965;-0.0058;-0.0085;-0.0027;878.0;123.32;48.97;-66.71;297.73;-13.23;1.45;8.0;1000.1;62.416;44.567577;-123.2747;74.93;NaN;;38.3;6.068;352.9;12 / 21;123015;2018-03-07 17:29:34:266
0.0622;1.5314;9.5282;-0.204;2.0624;9.5852;0.2597;-0.9349;-0.0587;-0.0087;0.0092;-0.0053;849.0;123.35;49.36;-67.06;297.23;-12.14;1.22;8.0;1000.07;62.416;44.567577;-123.2747;74.93;NaN;;38.3;6.068;352.9;12 / 21;123515;2018-03-07 17:29:34:766
0.0024;1.4596;9.265;-0.1831;1.957;9.6076;-0.0843;-0.5553;0.2348;0.0101;0.0058;-0.0045;846.0;123.43;49.28;-66.73;297.03;-11.63;1.21;8.0;1000.04;62.416;44.567577;-123.2747;75.2;NaN;;33.73;6.068;354.8;12 / 21;124015;2018-03-07 17:29:35:266
-0.1842;1.2179;9.6909;-0.1997;1.8855;9.6216;0.1959;-0.4834;-0.5596;-0.016;0.0294;-0.0012;808.0;125.02;47.86;-62.54;295.76;-11.13;1.1;8.0;1000.01;62.416;44.567577;-123.2747;75.2;NaN;;33.73;6.068;354.8;12 / 21;124517;2018-03-07 17:29:35:768
-0.536;1.7348;10.684;-0.2861;1.8817;9.6202;-0.0884;-0.8062;3.1907;0.21;0.0426;0.0061;835.0;124.3;49.49;-63.67;296.35;-10.57;1.57;8.0;999.97;62.416;44.567577;-123.2747;75.83;NaN;;29.88;6.068;354.0;12 / 21;125015;2018-03-07 17:29:36:266
0.1962;0.658;8.6333;-0.2559;1.5424;9.6812;0.1607;-0.6004;-0.2928;-0.1518;-0.0529;0.0173;809.0;123.31;49.33;-67.9;296.66;-9.98;1.74;8.0;999.95;62.416;44.567577;-123.2747;75.83;NaN;;29.88;6.068;354.0;12 / 21;125515;2018-03-07 17:29:36:766
-0.5384;2.077;11.2678;-0.2978;1.4919;9.6879;-0.2027;0.6843;0.6555;0.2446;0.0219;0.0206;810.0;123.08;51.91;-67.02;296.86;-7.95;1.68;8.0;999.92;62.416;44.567577;-123.2747;76.44;NaN;;26.24;6.068;355.6;12 / 21;126016;2018-03-07 17:29:37:267
-0.8495;2.9193;9.4756;-0.3485;1.94;9.6065;-0.2477;1.0189;0.1586;-0.0211;0.0054;0.0224;776.0;124.13;48.67;-68.93;297.26;-11.41;2.08;8.0;999.84;62.416;44.567577;-123.2747;76.44;NaN;;26.24;6.068;355.6;12 / 21;126517;2018-03-07 17:29:37:768
-1.0648;3.4146;9.1765;-0.3979;2.1589;9.5578;-0.5414;1.0537;-0.3515;-0.0056;0.0131;0.035;759.0;123.98;48.6;-69.34;297.8;-12.53;2.29;8.0;999.82;62.416;44.567577;-123.2747;76.67;NaN;;26.64;6.068;353.0;12 / 21;127016;2018-03-07 17:29:38:267
-1.1127;3.1514;8.8534;-0.4527;2.2478;9.5348;-0.2078;0.7864;-0.32;-0.0078;0.0306;0.0427;813.0;124.42;48.39;-68.3;297.69;-13.11;2.55;8.0;999.8;62.416;44.567577;-123.2747;76.67;NaN;;26.64;6.068;353.0;12 / 21;127517;2018-03-07 17:29:38:768
-0.926;3.1896;9.9302;-0.5373;2.3284;9.5111;-0.3767;0.7037;-0.1375;-0.0127;0.0147;0.0478;812.0;124.7;48.34;-68.2;297.96;-13.65;3.14;8.0;999.74;62.416;44.567577;-123.2747;76.8;NaN;;28.87;6.068;349.7;12 / 21;128017;2018-03-07 17:29:39:268
-0.9093;2.7565;9.5402;-0.5883;2.4683;9.4727;-0.1621;0.5446;-0.5949;-0.0099;0.0137;0.0515;831.0;125.16;48.16;-68.46;298.47;-14.5;3.53;8.0;999.73;62.416;44.567577;-123.2747;76.8;NaN;;28.87;6.068;349.7;12 / 21;128517;2018-03-07 17:29:39:768
-1.0624;1.8209;10.6098;-0.6159;2.4752;9.4691;-0.1403;0.3208;0.0177;-0.0221;0.0168;0.056;794.0;126.44;47.79;-68.48;298.55;-14.67;3.75;8.0;999.68;62.416;44.567577;-123.2747;77.26;NaN;;33.05;6.068;347.2;12 / 21;129015;2018-03-07 17:29:40:266
-0.8925;2.5579;9.0736;-0.6537;2.5019;9.4596;-0.0853;0.3106;-0.4983;-0.0117;0.031;0.0547;828.0;126.71;47.41;-67.73;298.04;-14.78;3.95;8.0;999.67;62.416;44.567577;-123.2747;77.26;NaN;;33.05;6.068;347.2;12 / 21;129516;2018-03-07 17:29:40:767
-0.7178;2.5771;10.2509;-0.7633;2.5209;9.4463;-0.2994;0.0881;0.0115;0.0058;0.0235;0.0503;815.0;126.64;46.94;-67.46;298.22;-14.8;4.55;8.0;999.6;62.416;44.567577;-123.2747;78.1;NaN;;35.82;6.068;345.1;12 / 21;130016;2018-03-07 17:29:41:267
-0.5504;2.1727;9.3033;-0.6941;2.4943;9.4587;-0.2113;-0.0975;-0.0941;0.008;-0.0107;0.0399;858.0;127.1;47.25;-67.15;298.03;-14.73;4.2;8.0;999.54;62.416;44.567577;-123.2747;78.1;NaN;;35.82;6.068;345.1;12 / 21;130516;2018-03-07 17:29:41:767
-0.737;2.1272;9.7125;-0.7088;2.4669;9.4648;-0.2227;0.0609;0.2199;0.0062;0.0049;0.0385;849.0;127.08;47.56;-65.06;297.79;-14.69;4.18;8.0;999.54;62.416;44.567577;-123.2747;79.18;NaN;;36.68;6.068;341.3;12 / 21;131015;2018-03-07 17:29:42:266
-0.457;2.1248;9.3033;-0.6457;2.4311;9.4786;-0.1019;-0.1938;0.0746;-0.0398;1.0E-4;0.0397;807.0;127.26;48.18;-66.85;298.35;-14.87;4.01;8.0;999.5;62.416;44.567577;-123.2747;79.18;NaN;;36.68;6.068;341.3;12 / 21;131515;2018-03-07 17:29:42:766
-0.4857;2.2851;9.0281;-0.6683;2.3945;9.4863;0.0889;-0.0956;-0.1521;0.0111;0.0237;0.0315;819.0;127.17;47.63;-66.39;297.97;-14.13;4.03;8.0;999.45;62.416;44.567577;-123.2747;79.48;NaN;;38.02;6.068;339.4;12 / 21;132017;2018-03-07 17:29:43:268
-1.0552;1.7013;9.9422;-0.719;2.3763;9.4872;-0.1212;-0.3529;0.1653;-0.0044;0.0153;0.0491;803.0;127.72;47.24;-66.51;297.63;-14.14;4.25;8.0;999.43;62.416;44.567577;-123.2747;79.48;NaN;;38.02;6.068;339.4;12 / 21;132515;2018-03-07 17:29:43:766
-0.5695;1.9741;9.4708;-0.7106;2.3317;9.4989;0.0098;-0.1836;0.0115;-0.0083;0.0153;0.0415;850.0;128.29;47.7;-67.28;297.85;-13.79;4.25;8.0;999.39;62.416;44.567577;-123.2747;79.91;NaN;;38.59;6.068;337.4;12 / 21;133016;2018-03-07 17:29:44:267
-0.5216;2.6608;9.813;-0.6782;2.3241;9.5031;-0.109;-0.2512;-0.3232;-0.007;0.0033;0.032;865.0;128.15;46.53;-66.93;297.46;-13.77;4.2;8.0;999.38;62.416;44.567577;-123.2747;79.91;NaN;;38.59;6.068;337.4;12 / 21;133516;2018-03-07 17:29:44:767
-0.6676;2.1703;9.1023;-0.6642;2.3001;9.5099;-0.0924;-0.1653;-0.0781;-0.0095;0.0219;0.0421;781.0;129.35;47.23;-65.77;297.0;-13.56;4.0;8.0;999.34;62.416;44.567577;-123.2747;80.39;NaN;;39.13;6.068;334.9;12 / 21;134016;2018-03-07 17:29:45:267
-0.7777;1.8712;10.3561;-0.7141;2.319;9.5017;-0.2257;0.0795;-0.0793;0.008;0.0153;0.0489;753.0;128.94;46.64;-68.2;297.29;-13.55;4.21;8.0;999.31;62.416;44.567577;-123.2747;80.39;NaN;;39.13;6.068;334.9;12 / 21;134517;2018-03-07 17:29:45:768
-0.9212;2.0746;9.8536;-0.7558;2.2493;9.5152;-0.0582;-0.2233;0.2065;-0.0302;0.022;0.0489;778.0;129.46;45.84;-68.16;296.96;-13.26;4.54;8.0;999.26;62.416;44.567577;-123.2747;80.81;NaN;;39.31;6.068;331.9;12 / 21;135015;2018-03-07 17:29:46:266
-2.4048;1.7635;13.3256;-0.8436;2.2291;9.5126;0.3768;-0.1227;-0.4776;-0.0182;0.0383;0.0381;814.0;129.55;47.24;-67.79;297.28;-13.23;4.91;8.0;999.24;62.416;44.567577;-123.2747;80.81;NaN;;39.31;6.068;331.9;12 / 21;135517;2018-03-07 17:29:46:768
-0.5599;1.8377;10.2389;-0.7384;2.2644;9.513;-0.1418;-0.2857;-0.1892;-0.0038;-5.0E-4;0.0409;800.0;129.95;45.53;-70.14;297.0;-13.35;4.5;8.0;999.19;62.416;44.567577;-123.2747;81.44;NaN;;39.53;6.068;329.3;12 / 21;136016;2018-03-07 17:29:47:267
-0.6078;2.1583;9.3607;-0.7053;2.2195;9.5261;0.0201;-0.2925;-0.1307;-0.0058;-4.0E-4;0.0552;773.0;129.28;44.39;-69.52;296.1;-13.13;4.32;8.0;999.16;62.416;44.567577;-123.2747;81.44;NaN;;39.53;6.068;329.3;12 / 21;136517;2018-03-07 17:29:47:768
-0.4164;1.8784;8.4538;-0.6966;2.2038;9.5304;-0.1908;-0.0781;-0.6375;-0.0233;-0.0289;0.0419;805.0;128.95;44.42;-69.13;296.06;-12.99;4.18;8.0;999.13;62.416;44.567577;-123.2747;81.8;NaN;;39.56;6.068;327.1;12 / 21;137015;2018-03-07 17:29:48:266
-0.1986;2.3713;9.4349;-0.6598;2.294;9.5117;-0.0829;0.1937;0.4028;0.1042;0.0174;0.0181;800.0;129.84;44.08;-69.03;295.51;-12.3;4.01;8.0;999.12;62.416;44.567577;-123.2747;81.8;NaN;;39.56;6.068;327.1;12 / 21;137515;2018-03-07 17:29:48:766
-0.5097;0.9188;9.5593;-0.6412;2.1764;9.5406;0.1765;-0.4296;-0.201;-0.0317;0.0031;0.0167;782.0;129.73;42.58;-68.19;295.21;-12.82;3.85;8.0;999.06;62.416;44.567577;-123.2747;82.3;NaN;;38.99;6.068;324.9;12 / 21;138016;2018-03-07 17:29:49:267
-0.4427;1.6247;9.3583;-0.6593;2.2081;9.532;0.0147;0.193;-0.2345;0.0135;0.0216;0.0163;815.0;130.02;43.21;-67.4;295.16;-12.87;3.89;8.0;999.04;62.416;44.567577;-123.2747;82.3;NaN;;38.99;6.068;324.9;12 / 21;138516;2018-03-07 17:29:49:767
-0.3398;1.663;9.4301;-0.6235;2.1932;9.5379;0.1716;-0.0812;-0.1344;0.026;-0.0229;0.0018;807.0;130.41;42.74;-67.71;295.18;-12.74;3.86;8.0;999.0;62.416;44.567577;-123.2747;82.86;NaN;;38.63;6.068;323.0;12 / 21;139016;2018-03-07 17:29:50:267
0.1747;2.2038;9.813;-0.5343;2.1964;9.5426;0.3299;-0.14;0.4863;0.0068;0.0164;-0.0096;826.0;131.33;42.24;-66.6;294.39;-12.96;3.23;8.0;998.97;62.416;44.567577;-123.2747;82.86;NaN;;38.63;6.068;323.0;12 / 21;139517;2018-03-07 17:29:50:768
0.2297;2.6943;9.6837;-0.4122;2.2786;9.5293;0.6683;0.1391;0.0472;-0.0127;-0.0225;-0.0179;803.0;130.61;42.72;-66.65;294.64;-13.44;2.48;8.0;998.91;62.416;44.567577;-123.2747;83.27;NaN;;37.15;6.068;324.1;12 / 21;140016;2018-03-07 17:29:51:267
-0.1842;3.2566;9.9278;-0.3826;2.3747;9.5071;0.3011;0.2758;0.1443;5.0E-4;0.0078;-0.0106;804.0;130.83;42.96;-66.87;294.74;-13.72;2.46;8.0;998.87;62.416;44.567577;-123.2747;83.27;NaN;;37.15;6.068;324.1;12 / 21;140516;2018-03-07 17:29:51:767
-0.2201;2.8738;9.5163;-0.4332;2.3866;9.5019;0.1612;0.0211;0.3112;0.0048;0.02;-0.0024;668.0;130.04;42.92;-66.97;295.04;-14.05;2.47;8.0;998.8;62.416;44.567577;-123.2747;83.75;NaN;;37.48;6.068;325.9;12 / 21;141016;2018-03-07 17:29:52:267
-0.5073;2.2038;9.3799;-0.4964;2.4463;9.4836;-0.1524;0.084;-0.3771;0.0135;-0.0024;0.0157;603.0;130.37;42.15;-67.05;295.36;-14.32;2.98;8.0;998.8;62.416;44.567577;-123.2747;83.75;NaN;;37.48;6.068;325.9;12 / 21;141516;2018-03-07 17:29:52:767
-0.67;2.814;9.2459;-0.5632;2.4948;9.4673;-0.1191;-0.1442;-0.5512;0.0457;-0.0205;0.0214;627.0;131.09;41.36;-66.54;294.82;-14.74;3.4;8.0;998.71;62.416;44.567577;-123.2747;83.93;NaN;;37.44;6.068;326.0;12 / 21;142015;2018-03-07 17:29:53:266
-0.6532;2.4191;9.1693;-0.5096;2.5228;9.4629;0.225;-0.0896;-0.1104;0.0186;-7.0E-4;0.0171;675.0;130.04;41.78;-66.74;295.21;-14.77;3.04;8.0;998.67;62.416;44.567577;-123.2747;83.93;NaN;;37.44;6.068;326.0;12 / 21;142516;2018-03-07 17:29:53:767
-0.6843;2.4383;9.1502;-0.5148;2.5421;9.4574;-0.1159;-0.2763;0.6226;7.0E-4;-0.0183;0.012;754.0;130.51;42.0;-65.75;295.06;-15.02;3.12;8.0;998.58;62.416;44.567577;-123.2747;84.62;NaN;;38.09;6.068;323.2;12 / 21;143016;2018-03-07 17:29:54:267
0.0718;2.0698;9.9805;-0.4551;2.5585;9.4561;0.1431;-0.0661;-0.2717;-0.0148;0.0043;0.0012;766.0;130.81;41.74;-66.09;294.99;-15.11;2.86;8.0;998.53;62.416;44.567577;-123.2747;84.62;NaN;;38.09;6.068;323.2;12 / 21;143516;2018-03-07 17:29:54:767
-0.3924;2.5172;10.3322;-0.413;2.534;9.4646;0.1313;-0.2034;0.2992;-0.0164;5.0E-4;0.0024;776.0;130.68;40.58;-66.34;294.5;-15.11;2.55;8.0;998.48;62.416;44.567577;-123.2747;84.8;NaN;;37.51;6.068;325.3;12 / 21;144016;2018-03-07 17:29:55:267
0.335;3.125;9.4325;-0.388;2.5475;9.462;0.2797;-0.1629;0.2144;-0.0129;-0.0016;-0.0141;788.0;130.98;40.04;-61.66;293.7;-15.17;2.47;8.0;998.43;62.416;44.567577;-123.2747;84.8;NaN;;37.51;6.068;325.3;12 / 21;144517;2018-03-07 17:29:55:768
0.0694;2.3067;9.6407;-0.3479;2.6025;9.4486;0.3388;-0.0805;-0.3775;0.0052;-0.0168;-0.0189;823.0;131.29;40.26;-62.83;293.74;-15.39;2.11;8.0;998.36;62.416;44.567577;-123.2747;85.45;NaN;;36.36;6.068;322.5;12 / 21;145015;2018-03-07 17:29:56:266
0.4331;2.8953;10.1336;-0.1272;2.5899;9.4576;0.4475;-0.1649;0.011;-0.05;-0.0331;-0.0477;837.0;129.84;41.09;-63.19;294.0;-15.7;1.22;8.0;998.29;62.416;44.567577;-123.2747;85.45;NaN;;36.36;6.068;322.5;12 / 21;145515;2018-03-07 17:29:56:766
0.469;3.1394;9.2483;-0.0638;2.6402;9.4443;0.5435;0.158;0.0764;0.0424;-0.0089;-0.0625;824.0;129.09;42.97;-62.77;294.51;-15.62;0.39;8.0;998.22;62.416;44.567577;-123.2747;86.75;NaN;;35.93;6.068;324.5;12 / 21;146016;2018-03-07 17:29:57:267
0.524;2.6512;9.6718;-0.0278;2.6417;9.4441;0.518;-0.0187;-0.2199;-0.0127;-0.0044;-0.065;818.0;129.23;44.81;-63.86;295.28;-15.68;0.26;8.0;998.15;62.416;44.567577;-123.2747;86.75;NaN;;35.93;6.068;324.5;12 / 21;146516;2018-03-07 17:29:57:767
0.4905;2.9121;9.2219;0.0412;2.6186;9.4505;0.4391;0.0549;-0.1965;3.0E-4;-0.0349;-0.067;812.0;129.45;45.69;-66.62;295.7;-15.46;-0.1;8.0;998.08;62.416;44.567577;-123.2747;88.08;NaN;;34.88;6.068;328.8;12 / 21;147016;2018-03-07 17:29:58:267
0.1077;2.7661;9.6239;0.1224;2.6976;9.4275;0.0917;0.1113;0.1321;0.0156;-0.0345;-0.0664;804.0;128.55;44.69;-66.85;295.26;-15.76;-0.54;8.0;998.02;62.416;44.567577;-123.2747;88.08;NaN;;34.88;6.068;328.8;12 / 21;147516;2018-03-07 17:29:58:767
0.2321;2.7829;9.2841;0.136;2.7526;9.4114;0.0623;0.1328;-0.1622;0.0048;-0.0081;-0.0613;781.0;128.22;43.93;-65.21;294.94;-16.3;-0.83;8.0;997.96;62.416;44.567577;-123.2747;88.91;NaN;;34.42;6.068;332.0;12 / 21;148016;2018-03-07 17:29:59:267
0.1005;2.9312;9.6239;0.0771;2.784;9.4029;-0.0773;0.0944;-0.0402;-0.0101;-0.0203;-0.0525;809.0;128.58;45.35;-64.6;295.26;-16.4;-0.57;8.0;997.9;62.416;44.567577;-123.2747;88.91;NaN;;34.42;6.068;332.0;12 / 21;148515;2018-03-07 17:29:59:766
-0.0742;2.6776;9.2913;0.022;2.8253;9.3908;-0.0933;-0.0905;-0.1315;0.0052;-0.0162;-0.0308;768.0;127.72;46.41;-66.79;296.27;-16.74;-0.13;8.0;997.83;62.416;44.567577;-123.2747;89.44;NaN;;33.84;6.068;335.1;12 / 21;149015;2018-03-07 17:30:00:266
0.0646;2.7278;9.4421;0.0287;2.8367;9.3874;-0.2276;-0.0153;0.1269;0.0082;-0.0142;-0.0269;780.0;127.88;45.25;-67.28;295.93;-16.79;-0.17;8.0;997.77;62.416;44.567577;-123.2747;89.44;NaN;;33.84;6.068;335.1;12 / 21;149515;2018-03-07 17:30:00:766
-0.0479;2.735;9.5856;0.008;2.8715;9.3768;-0.044;-0.0254;0.1064;0.006;-0.0181;-0.0271;847.0;128.26;45.14;-65.5;295.95;-17.02;-0.05;8.0;997.68;62.416;44.567577;-123.2747;90.69;NaN;;34.99;6.068;338.2;12 / 21;150016;2018-03-07 17:30:01:267
-0.0598;2.8594;9.8393;-0.0483;2.8677;9.3779;-0.0444;-0.0319;0.1125;0.0021;-0.0117;-0.0303;859.0;127.02;45.86;-66.88;296.72;-17.03;0.27;8.0;997.63;62.416;44.567577;-123.2747;90.69;NaN;;34.99;6.068;338.2;12 / 21;150515;2018-03-07 17:30:01:766
0.0215;3.0508;9.1167;-0.0678;2.8255;9.3905;-0.2816;0.0517;0.0923;0.0027;-0.0238;-0.0275;860.0;126.77;45.85;-65.68;296.59;-16.75;0.41;8.0;997.53;62.416;44.567577;-123.2747;91.89;NaN;;35.03;6.068;340.1;12 / 21;151015;2018-03-07 17:30:02:266
-0.8375;2.9097;11.878;-0.0936;2.8009;9.3977;-0.2344;-0.0912;1.0347;-0.0196;-0.0343;-0.032;859.0;126.74;46.76;-66.33;296.99;-16.89;0.44;8.0;997.48;62.416;44.567577;-123.2747;91.89;NaN;;35.03;6.068;340.1;12 / 21;151516;2018-03-07 17:30:02:767
0.2967;2.7422;9.8297;0.026;2.8391;9.3866;0.1045;-0.1885;-0.1673;-0.0361;-0.0233;-0.0442;854.0;125.34;46.13;-67.65;296.94;-16.83;-0.16;8.0;997.4;62.416;44.567577;-123.2747;93.56;NaN;;35.03;6.068;342.0;12 / 21;152016;2018-03-07 17:30:03:267
-0.1531;2.4646;10.0211;0.0362;2.7168;9.4227;0.1253;-0.5661;0.2366;0.0095;-0.0081;-0.0505;849.0;125.74;46.05;-66.45;296.32;-16.24;-0.25;8.0;997.35;62.416;44.567577;-123.2747;93.56;NaN;;35.03;6.068;342.0;12 / 21;152516;2018-03-07 17:30:03:767
0.1627;2.8929;9.6407;0.0529;2.7476;9.4137;0.0566;0.0722;0.0249;-0.0062;-0.0319;-0.0442;848.0;123.9;48.98;-65.34;297.66;-16.3;-0.23;8.0;997.27;62.416;44.567577;-123.2747;94.5;NaN;;34.6;6.068;345.0;12 / 21;153015;2018-03-07 17:30:04:266
-0.3757;2.7733;9.1238;0.0139;2.7943;9.4001;-0.2606;0.0534;-0.2595;0.0052;0.007;-0.0517;842.0;124.05;49.02;-68.39;298.04;-16.52;-0.22;8.0;997.22;62.416;44.567577;-123.2747;94.5;NaN;;34.6;6.068;345.0;12 / 21;153516;2018-03-07 17:30:04:767
0.0694;1.4955;9.7173;0.0282;2.6152;9.4515;0.0313;-0.642;0.3048;0.0099;-0.0103;-0.0348;785.0;125.18;47.24;-67.05;296.74;-15.47;-0.17;8.0;997.16;62.416;44.567577;-123.2747;95.57;NaN;;34.74;6.068;347.6;12 / 21;154015;2018-03-07 17:30:05:266
-0.1603;2.345;9.7723;0.0325;2.5972;9.4564;-0.0504;-0.2568;0.1886;0.0023;-0.0231;-0.032;795.0;124.17;48.74;-67.5;297.73;-15.42;-0.1;8.0;997.11;62.416;44.567577;-123.2747;95.57;NaN;;34.74;6.068;347.6;12 / 21;154515;2018-03-07 17:30:05:766
0.012;1.3615;9.7436;0.057;2.5202;9.4771;-0.0034;-0.9678;0.1904;7.0E-4;-0.0138;-0.0322;826.0;124.93;48.84;-69.06;297.36;-14.89;-0.34;8.0;997.03;62.416;44.567577;-123.2747;96.29;NaN;;32.54;6.068;349.6;12 / 21;155016;2018-03-07 17:30:06:267
-0.0622;1.2873;8.8846;0.0613;2.3872;9.5115;0.082;-1.0759;0.99;0.1557;-0.0097;-0.0336;826.0;125.41;47.74;-69.63;296.57;-13.54;-0.47;8.0;997.0;62.416;44.567577;-123.2747;96.29;NaN;;32.54;6.068;349.6;12 / 21;155516;2018-03-07 17:30:06:767
-0.39;0.5551;11.1075;0.0854;2.0748;9.5843;0.3521;-0.4457;-0.6129;-0.0486;0.0121;-0.0411;830.0;125.62;46.83;-69.33;295.47;-12.21;-0.51;8.0;996.94;62.416;44.567577;-123.2747;97.13;NaN;;28.26;6.068;350.0;12 / 21;156016;2018-03-07 17:30:07:267
0.6102;2.4885;9.5043;0.0701;2.014;9.5974;-0.1499;0.6984;0.6672;0.0673;0.0094;-0.0432;834.0;125.25;48.0;-67.86;295.48;-11.01;-0.54;8.0;996.91;62.416;44.567577;-123.2747;97.13;NaN;;28.26;6.068;350.0;12 / 21;156516;2018-03-07 17:30:07:767
-0.1771;3.2184;9.1262;0.0332;2.464;9.492;-0.1635;0.8145;-0.2191;-0.0268;-0.024;-0.043;818.0;124.08;45.72;-68.15;296.34;-14.55;-0.2;8.0;996.81;62.416;44.567577;-123.2747;97.67;NaN;;26.53;6.068;353.0;12 / 21;157015;2018-03-07 17:30:08:266
-0.4283;3.6706;9.2483;0.0151;2.623;9.4493;-0.2944;0.9172;-0.241;0.0038;-0.0069;-0.0393;789.0;123.78;46.53;-67.47;296.75;-15.1;-0.28;8.0;996.8;62.416;44.567577;-123.2747;97.67;NaN;;26.53;6.068;353.0;12 / 21;157516;2018-03-07 17:30:08:767
-0.2871;3.6467;9.1023;-0.0668;2.9505;9.352;-0.1563;0.7297;-0.3641;0.0117;-0.0109;-0.0352;809.0;124.11;46.83;-65.84;297.65;-17.27;0.39;8.0;996.73;62.416;44.567577;-123.2747;98.04;NaN;;26.89;6.068;356.5;12 / 21;158015;2018-03-07 17:30:09:266
-0.1388;3.6084;9.3655;-0.1064;3.0442;9.3216;0.0563;0.5671;-0.1005;-1.0E-4;0.0086;-0.0417;823.0;122.92;47.29;-66.39;298.12;-17.97;0.52;8.0;996.68;62.416;44.567577;-123.2747;98.04;NaN;;26.89;6.068;356.5;12 / 21;158517;2018-03-07 17:30:09:768
-0.0933;3.2853;9.0975;-0.1024;3.0465;9.3209;-0.0116;0.0633;-0.1084;-9.0E-4;-0.0164;-0.0393;809.0;122.54;47.74;-66.43;298.56;-18.06;0.65;8.0;996.59;62.416;44.567577;-123.2747;99.73;NaN;;31.21;6.068;359.8;12 / 21;159016;2018-03-07 17:30:10:267
0.0168;3.3236;9.454;-0.0976;3.1038;9.302;0.0921;0.1909;-0.0765;-0.0087;-0.0211;-0.0397;758.0;122.19;47.74;-66.19;298.88;-18.5;0.63;8.0;996.57;62.416;44.567577;-123.2747;99.73;NaN;;31.21;6.068;359.8;12 / 21;159515;2018-03-07 17:30:10:766
-0.3015;3.2638;9.5593;-0.0649;3.1393;9.2904;-0.083;0.0996;0.2733;0.0078;-0.0168;-0.0403;813.0;122.08;48.04;-66.39;298.82;-18.67;0.4;8.0;996.51;62.416;44.567577;-123.2747;101.25;NaN;;33.44;6.068;1.2;12 / 21;160017;2018-03-07 17:30:11:268
-0.146;3.4409;9.2148;-0.0508;3.1573;9.2843;-0.0184;0.0111;-0.2934;0.0052;-0.0089;-0.0436;821.0;120.46;48.36;-67.47;299.32;-18.74;0.3;8.0;996.41;62.416;44.567577;-123.2747;101.25;NaN;;33.44;6.068;1.2;12 / 21;160516;2018-03-07 17:30:11:767
-0.213;3.2279;8.4419;-0.0915;3.1814;9.2758;0.1754;-0.1109;-0.3618;-0.0107;-0.0258;-0.0393;818.0;121.18;47.65;-67.77;299.42;-18.93;0.57;8.0;996.34;62.416;44.567577;-123.2747;103.06;NaN;;35.32;6.068;3.9;12 / 21;161015;2018-03-07 17:30:12:266
-0.1819;3.1633;10.0379;-0.0793;3.1672;9.2808;-0.1432;-0.0193;0.2104;0.0093;-0.0117;-0.044;818.0;120.36;47.71;-67.49;299.41;-18.67;0.54;8.0;996.3;62.416;44.567577;-123.2747;103.06;NaN;;35.32;6.068;3.9;12 / 21;161515;2018-03-07 17:30:12:766
-0.1149;3.2518;9.8943;-0.0415;3.1377;9.291;-0.0486;-0.1242;0.0594;-0.0044;-0.0091;-0.0413;813.0;120.14;47.84;-67.06;299.29;-18.7;0.27;8.0;996.23;62.416;44.567577;-123.2747;103.91;NaN;;37.12;6.068;7.2;12 / 21;162015;2018-03-07 17:30:13:266
-0.0598;3.137;9.5904;-0.0087;3.1358;9.2918;-0.0091;-0.0164;0.0215;-0.0141;-0.0284;-0.0421;810.0;119.5;47.8;-67.3;299.15;-18.69;0.0;8.0;996.13;62.416;44.567577;-123.2747;103.91;NaN;;37.12;6.068;7.2;12 / 21;162515;2018-03-07 17:30:13:766
0.256;3.1729;9.1478;0.0161;3.1191;9.2974;0.0842;-0.042;0.3686;0.0023;-0.0048;-0.0491;807.0;119.36;48.32;-67.5;299.26;-18.54;-0.11;8.0;996.06;62.416;44.567577;-123.2747;105.71;NaN;;37.94;6.068;8.9;12 / 21;163016;2018-03-07 17:30:14:267
-0.0383;3.1992;10.0235;0.0288;3.1229;9.2961;0.1511;-0.1621;0.1896;0.0068;-0.0128;-0.0576;801.0;119.19;47.54;-67.88;299.33;-18.54;-0.2;8.0;995.99;62.416;44.567577;-123.2747;105.71;NaN;;37.94;6.068;8.9;12 / 21;163516;2018-03-07 17:30:14:767
0.0957;2.7278;9.8991;0.0645;3.0622;9.3161;0.2235;-0.3921;0.1896;0.0054;-0.0168;-0.0566;802.0;119.47;47.7;-66.86;299.02;-18.2;-0.4;8.0;995.91;62.416;44.567577;-123.2747;105.88;NaN;;35.28;6.068;13.0;12 / 21;164015;2018-03-07 17:30:15:266
0.4068;2.8427;9.9733;0.111;2.936;9.3562;0.1917;-0.4025;0.1823;-0.0245;-0.0421;-0.0515;799.0;120.61;47.98;-63.71;298.21;-17.88;-0.53;8.0;995.85;62.416;44.567577;-123.2747;105.88;NaN;;35.28;6.068;13.0;12 / 21;164516;2018-03-07 17:30:15:767
0.1388;2.5149;9.5976;0.1228;2.9394;9.3549;0.0451;-0.2759;0.3771;0.0034;-0.0134;-0.0572;799.0;119.57;47.66;-64.83;298.19;-17.44;-0.77;8.0;995.78;62.416;44.567577;-123.2747;106.92;NaN;;39.96;6.068;15.8;12 / 21;165016;2018-03-07 17:30:16:267
0.2058;2.5125;9.0975;0.0801;2.8879;9.3715;-0.0161;-0.3126;-0.443;-0.0141;-0.035;-0.0485;784.0;118.36;48.71;-67.32;299.19;-17.22;-0.58;8.0;995.71;62.416;44.567577;-123.2747;106.92;NaN;;39.96;6.068;15.8;12 / 21;165516;2018-03-07 17:30:16:767
-0.2034;2.6273;9.7412;0.0671;2.8166;9.3932;-0.2758;-0.1908;0.4588;0.0101;-0.0101;-0.0295;702.0;117.67;48.03;-66.54;298.7;-16.62;-0.46;8.0;995.66;62.416;44.567577;-123.2747;107.24;NaN;;40.28;6.068;20.5;12 / 21;166015;2018-03-07 17:30:17:266
0.8064;3.0269;10.1073;0.0968;2.783;9.403;0.4515;-0.4192;-0.118;-0.0141;-0.0354;-0.0273;793.0;116.35;48.53;-66.75;299.37;-16.49;-0.59;8.0;995.59;62.416;44.567577;-123.2747;107.24;NaN;;40.28;6.068;20.5;12 / 21;166515;2018-03-07 17:30:17:766
0.1507;2.5268;8.5448;0.0748;2.7453;9.4143;-0.3042;-0.1149;-0.0063;-0.0021;-0.0217;-0.0385;792.0;117.15;48.95;-67.27;299.14;-16.26;-0.46;8.0;995.54;62.416;44.567577;-123.2747;108.21;NaN;;39.31;6.068;21.5;12 / 21;167016;2018-03-07 17:30:18:267
0.0814;2.5125;8.9803;0.1076;2.7664;9.4078;-0.0178;0.1364;-0.2871;-0.0015;-0.004;-0.0536;795.0;115.96;48.2;-66.35;298.82;-16.4;-0.72;8.0;995.47;62.416;44.567577;-123.2747;108.21;NaN;;39.31;6.068;21.5;12 / 21;167516;2018-03-07 17:30:18:767
0.0885;2.5723;9.6598;0.1205;2.7276;9.4189;0.0562;-0.1344;-0.1139;0.0099;-0.0134;-0.0564;797.0;115.55;49.41;-66.71;299.15;-16.07;-0.77;8.0;995.39;62.416;44.567577;-123.2747;109.67;NaN;;40.0;6.068;23.4;12 / 21;168016;2018-03-07 17:30:19:267
0.0;2.4814;9.7699;0.1474;2.6745;9.4338;0.1403;-0.0466;-0.4332;0.0032;-0.0307;-0.0521;795.0;115.44;49.16;-65.52;299.13;-15.83;-0.9;8.0;995.36;62.416;44.567577;-123.2747;109.67;NaN;;40.0;6.068;23.4;12 / 21;168515;2018-03-07 17:30:19:766
0.8231;3.1657;9.1717;0.2404;2.6061;9.451;0.1141;-0.114;-0.7144;-0.0404;-0.036;-0.0531;794.0;115.5;49.2;-66.67;298.81;-15.72;-1.28;8.0;995.29;62.416;44.567577;-123.2747;110.61;NaN;;40.57;6.068;26.8;12 / 21;169015;2018-03-07 17:30:20:266
0.548;2.4718;9.5234;0.29;2.4918;9.4804;0.1772;-0.3066;0.4894;0.0223;-0.0056;-0.0627;795.0;114.35;50.17;-66.57;299.07;-14.72;-1.75;8.0;995.25;62.416;44.567577;-123.2747;110.61;NaN;;40.57;6.068;26.8;12 / 21;169517;2018-03-07 17:30:20:768
0.2967;2.3928;9.5474;0.2636;2.5307;9.4708;-0.0979;-0.1719;0.2178;0.0223;-0.0113;-0.0505;793.0;114.01;48.66;-66.81;298.85;-14.91;-1.56;8.0;995.18;62.416;44.567577;-123.2747;111.08;NaN;;40.5;6.068;30.1;12 / 21;170015;2018-03-07 17:30:21:266
0.1053;2.6417;10.3059;0.2613;2.5501;9.4657;0.396;-0.0532;-0.0077;-0.0101;0.0082;-0.0523;787.0;114.19;49.1;-66.78;298.89;-15.07;-1.58;8.0;995.14;62.416;44.567577;-123.2747;111.08;NaN;;40.5;6.068;30.1;12 / 21;170515;2018-03-07 17:30:21:766
0.3541;2.01;9.1047;0.1778;2.4847;9.485;-0.0984;-0.3442;0.2106;0.0017;-0.0034;-0.0519;791.0;113.98;49.16;-66.76;298.98;-14.73;-1.12;8.0;995.12;62.416;44.567577;-123.2747;112.35;NaN;;40.61;6.068;33.3;12 / 21;171016;2018-03-07 17:30:22:267
0.067;2.6178;9.3009;0.219;2.5114;9.4771;-0.3856;-0.1023;0.4056;-0.041;-0.0681;-0.0413;788.0;114.07;48.67;-66.9;298.93;-14.84;-1.32;8.0;995.04;62.416;44.567577;-123.2747;112.35;NaN;;40.61;6.068;33.3;12 / 21;171517;2018-03-07 17:30:22:768
0.8734;2.053;9.7244;0.428;2.4355;9.4898;0.593;-0.572;0.0795;0.0294;-0.0193;-0.0491;783.0;112.21;48.73;-66.41;298.67;-14.38;-2.58;8.0;995.02;62.416;44.567577;-123.2747;113.16;NaN;;40.5;6.068;36.4;12 / 21;172016;2018-03-07 17:30:23:267
0.268;2.6584;9.1167;0.4475;2.5065;9.4704;-0.1434;-0.1128;-0.3941;0.0243;-0.0215;-0.0517;779.0;111.9;47.75;-66.13;298.3;-14.81;-2.71;8.0;994.97;62.416;44.567577;-123.2747;113.16;NaN;;40.5;6.068;36.4;12 / 21;172515;2018-03-07 17:30:23:766
0.6221;2.6106;9.9278;0.4076;2.4948;9.4752;0.0756;0.0184;0.4613;0.017;0.0102;-0.0546;781.0;111.34;47.56;-66.45;298.5;-14.65;-2.62;8.0;994.92;62.416;44.567577;-123.2747;114.15;NaN;;40.14;6.068;39.3;12 / 21;173016;2018-03-07 17:30:24:267
0.4929;2.3833;9.8177;0.3693;2.4942;9.477;0.0935;-0.1478;0.1365;-0.0249;-0.0026;-0.0554;778.0;111.26;47.76;-66.36;298.21;-15.06;-2.22;8.0;994.87;62.416;44.567577;-123.2747;114.15;NaN;;40.14;6.068;39.3;12 / 21;173517;2018-03-07 17:30:24:768
0.457;2.3043;9.7771;0.4013;2.4607;9.4844;0.0237;-0.2053;0.2093;0.0286;-0.0313;-0.0511;780.0;111.08;47.87;-66.55;298.62;-14.39;-2.33;8.0;994.83;62.416;44.567577;-123.2747;114.76;NaN;;40.39;6.068;42.5;12 / 21;174015;2018-03-07 17:30:25:266
0.6628;2.2588;10.0044;0.4586;2.4574;9.4827;0.3598;-0.3085;0.2813;0.0064;-0.0172;-0.0725;777.0;110.59;47.01;-66.53;298.1;-14.51;-2.77;8.0;994.78;62.416;44.567577;-123.2747;114.76;NaN;;40.39;6.068;42.5;12 / 21;174517;2018-03-07 17:30:25:768
0.1771;2.2588;9.9565;0.4465;2.4653;9.4812;-0.2085;-0.159;-0.1231;-0.0125;-0.0087;-0.0611;775.0;110.11;46.77;-66.61;298.34;-14.58;-2.75;8.0;994.75;62.416;44.567577;-123.2747;115.5;NaN;;40.21;6.068;46.0;12 / 21;175015;2018-03-07 17:30:26:266
-0.0191;2.3426;9.9852;0.4279;2.447;9.4868;-0.1414;-0.1155;0.5161;0.0056;-0.0081;-0.0483;775.0;110.86;46.52;-65.11;297.98;-14.45;-2.58;8.0;994.7;62.416;44.567577;-123.2747;115.5;NaN;;40.21;6.068;46.0;12 / 21;175515;2018-03-07 17:30:26:766
0.4187;2.4383;9.5139;0.4122;2.4212;9.4941;-0.0671;-0.3516;0.142;0.0123;0.0066;-0.0421;772.0;110.64;46.49;-65.04;297.62;-14.42;-2.5;8.0;994.65;62.416;44.567577;-123.2747;116.45;NaN;;39.89;6.068;49.6;12 / 21;176016;2018-03-07 17:30:27:267
0.2752;2.3665;9.9948;0.3881;2.4398;9.4904;-0.2736;-0.1054;-0.2239;0.0117;-0.0164;-0.0302;772.0;110.35;46.15;-65.42;297.9;-14.41;-2.34;8.0;994.61;62.416;44.567577;-123.2747;116.45;NaN;;39.89;6.068;49.6;12 / 21;176516;2018-03-07 17:30:27:767
0.079;1.8808;9.7579;0.31;2.4014;9.503;-0.3782;-0.1618;0.3276;3.0E-4;-5.0E-4;-0.0255;773.0;109.8;46.57;-65.39;298.41;-14.23;-1.9;8.0;994.57;62.416;44.567577;-123.2747;117.21;NaN;;39.78;6.068;52.0;12 / 21;177016;2018-03-07 17:30:28:267
0.2513;2.065;9.6287;0.3661;2.3753;9.5076;0.0232;-0.1135;-0.0124;-0.0087;-0.0231;-0.0456;771.0;109.36;45.85;-65.01;298.04;-14.02;-2.2;8.0;994.52;62.416;44.567577;-123.2747;117.21;NaN;;39.78;6.068;52.0;12 / 21;177516;2018-03-07 17:30:28:767
0.1388;2.3785;9.8082;0.3056;2.3451;9.5172;-0.0025;-0.0255;0.1501;0.0152;0.0381;-0.0621;773.0;109.49;46.76;-66.41;298.46;-13.81;-2.18;8.0;994.48;62.416;44.567577;-123.2747;118.41;NaN;;39.64;6.068;53.8;12 / 21;178015;2018-03-07 17:30:29:266
-0.122;2.1583;10.1886;0.1966;2.4172;9.5021;-0.1826;-0.1684;0.0321;0.0023;0.0058;-0.0586;770.0;109.12;45.41;-66.98;298.48;-14.27;-1.29;8.0;994.44;62.416;44.567577;-123.2747;118.41;NaN;;39.64;6.068;53.8;12 / 21;178515;2018-03-07 17:30:29:766
-0.079;1.4022;9.7675;0.1951;2.2764;9.5368;0.0639;-0.8538;0.6067;0.0384;0.0047;-0.0629;772.0;108.98;45.41;-66.49;298.33;-13.61;-1.4;8.0;994.41;62.416;44.567577;-123.2747;119.25;NaN;;39.42;6.068;57.0;12 / 21;179015;2018-03-07 17:30:30:266
0.0191;1.675;8.7769;0.185;2.2922;9.5332;-0.3551;-0.8705;-0.8006;0.0044;-0.0441;-0.0354;766.0;109.1;44.3;-66.46;297.63;-13.52;-1.11;8.0;994.37;62.416;44.567577;-123.2747;119.25;NaN;;39.42;6.068;57.0;12 / 21;179515;2018-03-07 17:30:30:766
0.1172;1.0504;10.0738;0.3139;2.0617;9.5823;-0.086;-0.6887;-0.1475;0.0062;-0.0455;-0.0208;767.0;108.46;44.68;-67.07;297.54;-12.1;-1.74;8.0;994.35;62.416;44.567577;-123.2747;120.05;NaN;;37.3;6.068;59.9;12 / 21;180016;2018-03-07 17:30:31:267
0.256;1.3711;10.1743;0.3756;1.9736;9.5986;0.1007;-0.5929;0.0985;-0.0168;-0.0254;-0.0379;767.0;108.06;44.8;-65.92;297.08;-11.61;-2.24;8.0;994.31;62.416;44.567577;-123.2747;120.05;NaN;;37.3;6.068;59.9;12 / 21;180515;2018-03-07 17:30:31:766
0.3517;1.73;9.1932;0.3887;1.945;9.604;-0.1116;-0.2672;0.1369;0.0109;-0.0162;-0.0452;765.0;107.95;44.64;-66.11;296.97;-11.43;-2.37;8.0;994.29;62.416;44.567577;-123.2747;120.75;NaN;;33.73;6.068;62.0;12 / 21;181016;2018-03-07 17:30:32:267
0.1747;1.8975;10.0546;0.4269;1.8678;9.6177;-0.2463;-0.0403;0.176;0.0048;-0.0065;-0.0485;765.0;106.73;43.98;-66.02;296.54;-10.98;-2.54;8.0;994.26;62.416;44.567577;-123.2747;120.75;NaN;;33.73;6.068;62.0;12 / 21;181516;2018-03-07 17:30:32:767
0.1866;2.0937;9.8584;0.4365;1.918;9.6073;-0.2113;-0.0964;0.2904;-0.0107;-0.0156;-0.0479;763.0;106.85;43.75;-65.33;296.58;-11.34;-2.6;8.0;994.23;62.416;44.567577;-123.2747;121.33;NaN;;30.74;6.068;64.8;12 / 21;182015;2018-03-07 17:30:33:266
-0.0287;1.9932;9.1286;0.4184;1.9792;9.5957;-0.4016;0.1817;-0.1684;0.0148;-0.004;-0.0417;761.0;106.26;43.45;-65.13;296.88;-11.43;-2.64;8.0;994.2;62.416;44.567577;-123.2747;121.33;NaN;;30.74;6.068;64.8;12 / 21;182515;2018-03-07 17:30:33:766
-0.0718;1.9119;9.7388;0.3588;1.979;9.5982;-0.3848;-0.0462;0.0233;-0.0074;-0.0062;-0.0291;761.0;106.49;44.06;-65.79;297.16;-11.73;-2.22;8.0;994.18;62.416;44.567577;-123.2747;121.8;NaN;;29.2;6.068;67.6;12 / 21;183015;2018-03-07 17:30:34:266
0.0933;1.8831;9.6215;0.2996;1.9525;9.6056;-0.1716;-0.1222;-0.2807;0.0144;-0.0089;-0.0242;761.0;106.13;43.01;-65.2;296.75;-11.48;-1.79;8.0;994.13;62.416;44.567577;-123.2747;121.8;NaN;;29.2;6.068;67.6;12 / 21;183515;2018-03-07 17:30:34:766
0.347;1.7468;9.3942;0.295;1.9343;9.6095;-0.0964;-0.118;-0.4351;-0.0211;-0.0276;-0.0232;759.0;106.08;42.82;-65.11;296.79;-11.5;-1.69;8.0;994.1;62.416;44.567577;-123.2747;122.33;NaN;;27.86;6.068;69.2;12 / 21;184015;2018-03-07 17:30:35:266
0.1723;1.6678;10.0499;0.334;1.8383;9.627;-0.0294;-0.1262;0.4025;-0.0021;-0.0073;-0.0356;762.0;107.01;42.4;-62.22;296.17;-10.96;-1.83;8.0;994.06;62.416;44.567577;-123.2747;122.33;NaN;;27.86;6.068;69.2;12 / 21;184515;2018-03-07 17:30:35:766
0.4235;1.4788;9.9278;0.3239;1.82;9.6308;-0.0614;-0.2183;-0.0864;-0.0072;-0.0054;-0.0452;762.0;106.19;41.14;-61.23;295.26;-10.74;-1.95;8.0;994.07;62.416;44.567577;-123.2747;122.83;NaN;;26.14;6.068;70.8;12 / 21;185016;2018-03-07 17:30:36:267
0.3206;1.4501;9.9374;0.3103;1.7455;9.6451;-0.1401;-0.3707;0.0712;-0.0121;-0.0172;-0.0466;763.0;105.62;41.95;-64.99;295.83;-10.25;-1.84;8.0;994.02;62.416;44.567577;-123.2747;122.83;NaN;;26.14;6.068;70.8;12 / 21;185516;2018-03-07 17:30:36:767
0.323;1.2969;9.8489;0.2236;1.5567;9.6797;-0.0665;-0.0466;-0.026;-0.007;-0.0117;-0.0428;762.0;104.35;42.67;-63.73;296.39;-9.31;-1.42;8.0;994.02;62.416;44.567577;-123.2747;123.05;NaN;;23.83;6.068;73.8;12 / 21;186016;2018-03-07 17:30:37:267
-0.1388;1.5266;9.7292;0.1648;1.4596;9.696;-0.1383;-0.028;0.0453;-0.0231;-0.0081;-0.0295;765.0;103.94;41.16;-63.72;295.36;-8.56;-0.97;8.0;993.99;62.416;44.567577;-123.2747;123.05;NaN;;23.83;6.068;73.8;12 / 21;186515;2018-03-07 17:30:37:766
-0.0718;1.4548;9.9159;0.0964;1.3786;9.7088;-0.1112;0.1227;-0.0604;-0.0091;-0.0022;-0.0175;768.0;104.52;42.08;-64.67;295.57;-8.12;-0.64;8.0;993.98;62.416;44.567577;-123.2747;123.55;NaN;;21.24;6.068;76.1;12 / 21;187015;2018-03-07 17:30:38:266
-0.1986;1.0433;9.9518;0.0179;1.3167;9.7178;-0.2541;-0.1931;0.0127;-0.016;-0.006;-0.0081;769.0;104.37;41.89;-65.68;295.61;-7.88;-0.23;8.0;993.97;62.416;44.567577;-123.2747;123.55;NaN;;21.24;6.068;76.1;12 / 21;187515;2018-03-07 17:30:38:766
0.0072;0.7513;10.0546;0.0048;1.191;9.7341;-0.0017;-0.2447;0.0108;-0.0172;-0.0126;-0.0165;771.0;104.53;42.56;-64.61;295.77;-7.14;-0.07;8.0;993.96;62.416;44.567577;-123.2747;123.9;NaN;;18.79;6.068;77.1;12 / 21;188015;2018-03-07 17:30:39:266
0.3493;1.0002;9.8728;0.1026;1.1345;9.7403;0.2195;-0.0667;0.1835;7.0E-4;-0.0034;-0.0625;770.0;104.63;42.9;-64.32;295.32;-6.64;-0.6;8.0;993.97;62.416;44.567577;-123.2747;123.9;NaN;;18.79;6.068;77.1;12 / 21;188515;2018-03-07 17:30:39:766
1.0409;0.7202;10.1288;0.4103;1.0496;9.7417;0.4671;-0.1449;0.0552;-0.0062;-0.0472;-0.1627;772.0;105.6;41.72;-64.59;294.31;-6.4;-1.57;8.0;993.97;62.416;44.567577;-123.2747;123.72;NaN;;15.41;6.068;79.8;12 / 21;189015;2018-03-07 17:30:40:266
0.95;0.7202;9.7986;0.6115;1.0244;9.7338;0.2213;-0.1181;-0.1572;0.0025;-0.0464;-0.2293;774.0;105.04;39.18;-64.34;292.37;-6.0;-3.59;8.0;993.95;62.416;44.567577;-123.2747;123.72;NaN;;15.41;6.068;79.8;12 / 21;189516;2018-03-07 17:30:40:767
-0.39;1.1581;9.9398;0.6244;1.0771;9.7273;-1.0344;-0.0237;0.0314;-0.0025;-0.0278;-0.1829;773.0;107.45;37.54;-61.75;291.52;-6.26;-3.82;8.0;993.95;62.416;44.567577;-123.2747;123.83;NaN;;12.1;6.068;92.7;12 / 21;190015;2018-03-07 17:30:41:266
-0.7729;1.3711;9.7484;0.4707;1.1248;9.7305;-1.2484;0.2091;-0.1505;-0.0052;-0.0014;-0.0419;773.0;106.07;37.61;-62.54;291.5;-6.5;-3.28;8.0;993.95;62.416;44.567577;-123.2747;123.83;NaN;;12.1;6.068;92.7;12 / 21;190516;2018-03-07 17:30:41:767
-0.9021;1.5912;9.5498;0.0358;1.2788;9.7228;-0.9494;0.2948;-0.1793;-0.0019;0.0064;0.0466;774.0;105.83;36.59;-61.73;292.2;-7.05;-1.63;8.0;993.94;62.416;44.567577;-123.2747;123.91;NaN;;9.61;6.068;100.3;12 / 21;191016;2018-03-07 17:30:42:267
-0.9715;1.2778;9.588;-0.1155;1.2513;9.7258;-0.9027;9.0E-4;-0.1439;-0.0062;0.0284;0.1217;773.0;105.6;37.6;-61.38;293.44;-7.33;0.68;8.0;993.96;62.416;44.567577;-123.2747;123.91;NaN;;9.61;6.068;100.3;12 / 21;191515;2018-03-07 17:30:42:766
-0.4594;1.1127;9.9015;-0.343;1.2523;9.7203;-0.0185;-0.1078;-0.0363;-0.0066;0.0243;0.1592;773.0;105.42;38.88;-62.54;294.67;-7.38;1.94;8.0;993.96;62.416;44.567577;-123.2747;124.14;NaN;;8.93;6.068;89.7;12 / 21;192016;2018-03-07 17:30:43:267
0.2273;-0.2656;10.0834;-0.334;1.1203;9.7367;0.3013;-1.4321;0.3556;0.0023;0.0164;0.1226;773.0;105.2;40.47;-62.41;294.67;-6.56;1.96;8.0;993.97;62.416;44.567577;-123.2747;124.14;NaN;;8.93;6.068;89.7;12 / 21;192516;2018-03-07 17:30:43:767
-0.0502;0.8255;9.6957;-0.2977;1.1265;9.7372;0.4379;-0.4101;-0.1207;0.0054;0.0082;0.0877;770.0;105.78;40.89;-63.1;294.95;-6.61;1.82;8.0;993.96;62.416;44.567577;-123.2747;124.19;NaN;;6.62;6.068;78.3;12 / 21;193017;2018-03-07 17:30:44:268
0.2871;0.3565;9.947;-0.192;0.911;9.7624;0.392;-0.5885;0.1394;7.0E-4;-0.0016;0.0417;770.0;105.06;41.42;-61.83;294.26;-5.33;1.13;8.0;993.96;62.416;44.567577;-123.2747;124.19;NaN;;6.62;6.068;78.3;12 / 21;193516;2018-03-07 17:30:44:767
-0.1268;1.6893;9.8321;-0.0864;0.7623;9.7766;0.1317;0.0783;0.0022;0.0017;3.0E-4;0.0033;769.0;105.33;41.93;-61.7;294.21;-4.57;0.64;8.0;993.95;62.416;44.567577;-123.2747;124.19;NaN;;6.62;6.068;78.3;12 / 21;194015;2018-03-07 17:30:45:266
-0.1675;1.9047;9.6191;-0.108;0.9456;9.7604;-0.0467;0.9112;-0.3054;-9.0E-4;-7.0E-4;0.0016;768.0;105.51;41.86;-61.98;294.36;-5.34;0.63;8.0;993.94;62.416;44.567577;-123.2747;124.19;NaN;;6.62;6.068;78.3;12 / 21;194516;2018-03-07 17:30:45:767
-0.1795;1.7228;9.7938;-0.1376;1.3253;9.7157;-0.0401;0.3879;-0.0476;-3.0E-4;-4.0E-4;0.0016;767.0;105.21;41.19;-61.82;295.01;-7.17;0.76;8.0;993.96;62.416;44.567577;-123.2747;124.19;NaN;;6.62;6.068;78.3;12 / 21;195015;2018-03-07 17:30:46:266
-0.3996;1.9932;9.8177;-0.1905;1.6091;9.6719;-0.08;0.2637;-0.0537;0.0093;0.0157;0.0012;767.0;105.49;41.99;-63.03;296.67;-9.44;1.13;8.0;993.94;62.416;44.567577;-123.2747;124.19;NaN;;6.62;6.068;78.3;12 / 21;195516;2018-03-07 17:30:46:767
0.8566;1.3113;8.6285;0.6152;1.3967;9.6872;0.2389;0.7485;0.6206;0.0557;0.537;0.0831;770.0;101.58;43.92;-58.66;294.12;-7.94;-9.33;8.0;993.95;62.416;44.567577;-123.2747;124.19;NaN;;6.62;6.068;78.3;12 / 21;196016;2018-03-07 17:30:47:267
-0.1484;1.7946;9.7603;-0.1879;1.6539;9.6644;-0.0037;0.0942;0.0043;-7.0E-4;-0.0014;0.0012;765.0;110.53;39.68;-57.38;294.21;-9.71;1.11;8.0;993.96;62.416;44.567577;-123.2747;124.19;NaN;;6.62;6.068;78.3;12 / 21;196516;2018-03-07 17:30:47:767
-0.2225;1.7683;9.7675;-0.1929;1.7202;9.6527;0.0045;0.0495;-0.0105;-0.0013;-5.0E-4;0.0012;765.0;108.0;38.08;-55.48;293.91;-10.02;1.17;8.0;993.94;62.416;44.567577;-123.2747;124.19;NaN;;6.62;6.068;78.3;12 / 21;197016;2018-03-07 17:30:48:267
-0.2321;1.7898;9.7436;-0.201;1.7462;9.6478;-0.0168;0.0161;-0.019;-3.0E-4;-5.0E-4;0.0014;765.0;109.39;39.57;-52.59;294.5;-10.23;1.17;8.0;993.96;62.416;44.567577;-123.2747;124.19;NaN;;6.62;6.068;78.3;12 / 21;197516;2018-03-07 17:30:48:767
-0.1842;1.7779;9.7627;-0.1988;1.7556;9.6462;0.0209;0.0145;-0.0181;-3.0E-4;-0.0014;0.0012;763.0;109.33;39.84;-52.11;294.45;-10.29;1.2;8.0;993.95;62.416;44.567577;-123.2747;124.19;NaN;;6.62;6.068;78.3;12 / 21;198015;2018-03-07 17:30:49:266
4.5703;-4.6516;10.9352;3.492;-0.004;9.1639;-0.3897;-2.7788;0.1075;-0.4827;-0.5383;0.0381;817.0;93.57;46.54;-12.4;297.04;0.02;-20.86;8.0;993.89;62.416;44.567577;-123.2747;124.19;NaN;;6.62;6.068;78.3;12 / 21;198516;2018-03-07 17:30:49:767
2.1583;2.1918;10.7175;0.1936;2.5164;9.4763;3.6259;1.2139;-1.5744;-1.7959;1.4625;0.8006;371.0;68.93;1.68;13.71;268.32;-14.87;-1.17;8.0;993.92;62.416;44.567577;-123.2747;124.19;NaN;;6.62;6.068;78.3;12 / 21;199016;2018-03-07 17:30:50:267
0.4331;-3.6658;10.3418;0.3355;-1.4298;9.6961;-0.0898;-0.6177;-0.0024;0.0418;0.4095;-0.0886;261.0;80.05;30.93;48.23;295.93;8.38;-1.98;8.0;994.1;62.416;44.567577;-123.2747;124.19;NaN;;6.62;6.068;78.3;12 / 21;199516;2018-03-07 17:30:50:767
-0.0191;-1.4213;9.667;0.129;-1.4443;9.6989;-0.0471;0.0106;-0.0328;-0.0027;0.0027;2.0E-4;261.0;78.82;28.55;43.76;294.26;8.46;-0.81;8.0;994.02;62.416;44.567577;-123.2747;124.87;NaN;;1.37;6.068;78.0;12 / 21;200016;2018-03-07 17:30:51:267
0.0933;-1.4764;9.868;0.1176;-1.4602;9.6966;-0.0108;-0.0115;7.0E-4;-7.0E-4;-5.0E-4;0.0012;260.0;78.87;29.06;44.0;294.27;8.56;-0.69;8.0;993.98;62.416;44.567577;-123.2747;124.87;NaN;;1.37;6.068;78.0;12 / 21;200516;2018-03-07 17:30:51:767
0.1579;-1.4812;9.8393;0.1144;-1.465;9.6959;0.006;0.0029;0.0162;-9.0E-4;-0.001;0.001;259.0;78.11;28.94;43.78;294.54;8.59;-0.66;8.0;993.98;62.416;44.567577;-123.2747;124.87;NaN;;1.37;6.068;78.0;12 / 21;201015;2018-03-07 17:30:52:266
0.1053;-1.5027;9.8393;0.1117;-1.4694;9.6953;0.0016;-0.0128;0.0039;-9.0E-4;1.0E-4;0.0012;260.0;78.37;29.12;44.39;294.55;8.62;-0.66;8.0;993.98;62.416;44.567577;-123.2747;124.87;NaN;;1.37;6.068;78.0;12 / 21;201516;2018-03-07 17:30:52:767
0.1795;-1.541;9.8991;0.1059;-1.4657;9.6959;-0.0675;0.0416;-0.0025;-0.0052;-0.0099;-6.0E-4;259.0;78.91;29.21;44.18;294.27;8.61;-0.64;8.0;993.98;62.416;44.567577;-123.2747;124.87;NaN;;1.37;6.068;78.0;12 / 21;202016;2018-03-07 17:30:53:267